id,eval_case_id,source_status,candidate_type,capability,sft_v1_role,sft_v1_action,ordinary_sft_eligible,preferred_objective,manual_rewrite_required,final_decision,final_answer,final_reason,review_note,priority_bucket,visual_dependency_gap,normal_f1,control_max_f1,question,image,image_paths
lingoqa_eval_000031_hard_negative_spatial_reasoning,lingoqa_eval_000031,v0_fix_rewritten,hard_negative_spatial_reasoning,reasoning_world_knowledge,high_quality_fix_rewritten,fix,true,normal_vqa_sft,true,keep_sft_v1,No specific vehicle needs to be yielded to in the ego path.,"The current frames show the ego vehicle approaching a zebra crossing and junction area. No car, bus, or cyclist is visibly entering the ego lane with priority, but pedestrians are near the crossing, so the safe implication is to proceed slowly and keep watching the crossing.",Rewrote terse 'No' with visible road users and caution around the zebra crossing.,,-1.0,0.0,,"Are there any specific vehicles to which you should yield in this situation? If yes, why?",data/external/lingoqa/images/val/8b1eaed55ac89d3fd98ca9a00d3b29a3/0.jpg,"[""data/external/lingoqa/images/val/8b1eaed55ac89d3fd98ca9a00d3b29a3/0.jpg"", ""data/external/lingoqa/images/val/8b1eaed55ac89d3fd98ca9a00d3b29a3/1.jpg"", ""data/external/lingoqa/images/val/8b1eaed55ac89d3fd98ca9a00d3b29a3/2.jpg"", ""data/external/lingoqa/images/val/8b1eaed55ac89d3fd98ca9a00d3b29a3/3.jpg"", ""data/external/lingoqa/images/val/8b1eaed55ac89d3fd98ca9a00d3b29a3/4.jpg""]"
lingoqa_eval_000026_hard_negative_spatial_reasoning,lingoqa_eval_000026,v0_keep_rewritten,hard_negative_spatial_reasoning,reasoning_world_knowledge,spatial_reasoning_correction,keep,true,normal_vqa_sft,true,keep_sft_v1,"No, do not accelerate.","The ego vehicle is approaching a zebra crossing and a junction/roundabout area. A pedestrian is visible near the crossing, so the safe action is to keep speed low rather than accelerate.",Manual image review accepted with grounded rewrite.,,-0.5926,0.0,,"Is it possible for you to accelerate in this situation, and if so, why?",data/external/lingoqa/images/val/6cc9407bedea610b5abe5cc012d5fdff/0.jpg,"[""data/external/lingoqa/images/val/6cc9407bedea610b5abe5cc012d5fdff/0.jpg"", ""data/external/lingoqa/images/val/6cc9407bedea610b5abe5cc012d5fdff/1.jpg"", ""data/external/lingoqa/images/val/6cc9407bedea610b5abe5cc012d5fdff/2.jpg"", ""data/external/lingoqa/images/val/6cc9407bedea610b5abe5cc012d5fdff/3.jpg"", ""data/external/lingoqa/images/val/6cc9407bedea610b5abe5cc012d5fdff/4.jpg""]"
lingoqa_eval_000072_hard_negative_spatial_reasoning,lingoqa_eval_000072,v0_keep_rewritten,hard_negative_spatial_reasoning,spatial_localization,spatial_reasoning_correction,keep,true,normal_vqa_sft,true,keep_sft_v1,"No, it is not possible to accelerate.",Pedestrians are crossing directly ahead at the zebra crossing. The ego action should be to slow or stop because accelerating would reduce safety margin for crossing pedestrians.,Manual image review accepted with grounded rewrite.,,-0.56,0.0,,"Is it possible for you to accelerate in this situation, and if so, why?",data/external/lingoqa/images/val/cc0f48b73f7f13adff2113931a41805e/0.jpg,"[""data/external/lingoqa/images/val/cc0f48b73f7f13adff2113931a41805e/0.jpg"", ""data/external/lingoqa/images/val/cc0f48b73f7f13adff2113931a41805e/1.jpg"", ""data/external/lingoqa/images/val/cc0f48b73f7f13adff2113931a41805e/2.jpg"", ""data/external/lingoqa/images/val/cc0f48b73f7f13adff2113931a41805e/3.jpg"", ""data/external/lingoqa/images/val/cc0f48b73f7f13adff2113931a41805e/4.jpg""]"
lingoqa_eval_000036_hard_negative_spatial_reasoning,lingoqa_eval_000036,v0_keep_rewritten,hard_negative_spatial_reasoning,reasoning_world_knowledge,spatial_reasoning_correction,keep,true,normal_vqa_sft,true,keep_sft_v1,You can proceed because the ego traffic light is green and no pedestrian is crossing the ego path.,"The visible signal for the ego lane is green, and the crosswalk area ahead is not occupied in the ego path, so proceeding through the intersection is supported.",Manual image review accepted with grounded rewrite.,,-0.3333,0.3333,,Why can you proceed at this intersection?,data/external/lingoqa/images/val/cedf6e4dacd1abe46f36b688ac36fc34/0.jpg,"[""data/external/lingoqa/images/val/cedf6e4dacd1abe46f36b688ac36fc34/0.jpg"", ""data/external/lingoqa/images/val/cedf6e4dacd1abe46f36b688ac36fc34/1.jpg"", ""data/external/lingoqa/images/val/cedf6e4dacd1abe46f36b688ac36fc34/2.jpg"", ""data/external/lingoqa/images/val/cedf6e4dacd1abe46f36b688ac36fc34/3.jpg"", ""data/external/lingoqa/images/val/cedf6e4dacd1abe46f36b688ac36fc34/4.jpg""]"
lingoqa_eval_000032_hard_negative_spatial_reasoning,lingoqa_eval_000032,v0_fix_rewritten,hard_negative_spatial_reasoning,spatial_localization,high_quality_fix_rewritten,fix,true,normal_vqa_sft,true,keep_sft_v1,"Yes, reduce speed before the crossing.","The ego vehicle is approaching a zebra crossing and junction. A pedestrian is at or moving across the crossing area, and a cyclist is visible near the right side of the intersection, so slowing gives both road users time and reduces conflict risk.",Grounded the slowdown in pedestrian/cyclist positions around the crossing.,,-0.2784,0.1,,"Should you consider reducing your speed at this point? If yes, what are the reasons behind it?",data/external/lingoqa/images/val/065d10fc58526a238d2b4c8d9c06e763/0.jpg,"[""data/external/lingoqa/images/val/065d10fc58526a238d2b4c8d9c06e763/0.jpg"", ""data/external/lingoqa/images/val/065d10fc58526a238d2b4c8d9c06e763/1.jpg"", ""data/external/lingoqa/images/val/065d10fc58526a238d2b4c8d9c06e763/2.jpg"", ""data/external/lingoqa/images/val/065d10fc58526a238d2b4c8d9c06e763/3.jpg"", ""data/external/lingoqa/images/val/065d10fc58526a238d2b4c8d9c06e763/4.jpg""]"
lingoqa_eval_000024_language_prior_confound,lingoqa_eval_000024,v0_drop,language_prior_confound,object_recognition,exclude,drop,false,none,false,drop_sft_v1,,,Only a simple negative traffic-light presence claim is needed; it is language-prior guessable and has weak grounding value.,,-1.0,0.0,,"Are there any traffic lights present? If yes, what color are they displaying?",data/external/lingoqa/images/val/43e53c341ab5aae565705dede4de87ab/0.jpg,"[""data/external/lingoqa/images/val/43e53c341ab5aae565705dede4de87ab/0.jpg"", ""data/external/lingoqa/images/val/43e53c341ab5aae565705dede4de87ab/1.jpg"", ""data/external/lingoqa/images/val/43e53c341ab5aae565705dede4de87ab/2.jpg"", ""data/external/lingoqa/images/val/43e53c341ab5aae565705dede4de87ab/3.jpg"", ""data/external/lingoqa/images/val/43e53c341ab5aae565705dede4de87ab/4.jpg""]"
lingoqa_eval_000060_language_prior_confound,lingoqa_eval_000060,v0_drop,language_prior_confound,other,exclude,drop,false,none,false,drop_sft_v1,,,"The scene has a crossing, signal hardware, and pedestrians, while No is too terse and visually under-justified. Drop under conservative review.",,-1.0,0.0,,"Do you need to come to a stop? If so, what is the reason for it?",data/external/lingoqa/images/val/04c64714f8a1bf28da156721ed7eff32/0.jpg,"[""data/external/lingoqa/images/val/04c64714f8a1bf28da156721ed7eff32/0.jpg"", ""data/external/lingoqa/images/val/04c64714f8a1bf28da156721ed7eff32/1.jpg"", ""data/external/lingoqa/images/val/04c64714f8a1bf28da156721ed7eff32/2.jpg"", ""data/external/lingoqa/images/val/04c64714f8a1bf28da156721ed7eff32/3.jpg"", ""data/external/lingoqa/images/val/04c64714f8a1bf28da156721ed7eff32/4.jpg""]"
lingoqa_eval_000081_hard_negative_spatial_reasoning,lingoqa_eval_000081,v0_keep_rewritten,hard_negative_spatial_reasoning,reasoning_world_knowledge,spatial_reasoning_correction,keep,true,normal_vqa_sft,true,keep_sft_v1,You are stopping because the traffic light ahead is red.,The ego vehicle is approaching an intersection where the signal ahead is red. Stopping keeps the vehicle out of the junction until the signal permits movement.,Manual image review accepted with grounded rewrite.,,-0.2143,0.2857,,Why are you stopping in this situation?,data/external/lingoqa/images/val/f91e7de2b6dbd5cae22565b37cead317/0.jpg,"[""data/external/lingoqa/images/val/f91e7de2b6dbd5cae22565b37cead317/0.jpg"", ""data/external/lingoqa/images/val/f91e7de2b6dbd5cae22565b37cead317/1.jpg"", ""data/external/lingoqa/images/val/f91e7de2b6dbd5cae22565b37cead317/2.jpg"", ""data/external/lingoqa/images/val/f91e7de2b6dbd5cae22565b37cead317/3.jpg"", ""data/external/lingoqa/images/val/f91e7de2b6dbd5cae22565b37cead317/4.jpg""]"
lingoqa_eval_000011_hard_negative_spatial_reasoning,lingoqa_eval_000011,v0_keep_rewritten,hard_negative_spatial_reasoning,spatial_localization,spatial_reasoning_correction,keep,true,normal_vqa_sft,true,keep_sft_v1,Accelerate slightly and follow the car ahead across the zebra crossing.,"The lead car is moving away, the zebra crossing in the ego path is clear, and no pedestrian is about to step into the crossing, so a gentle start is visually supported.",Manual image review accepted with grounded rewrite.,,-0.1579,0.0,,"What is the current action and its justification? Answer in the form ""action, justification"".",data/external/lingoqa/images/val/2506f1593774d92c0e46c61a8b6fb61e/0.jpg,"[""data/external/lingoqa/images/val/2506f1593774d92c0e46c61a8b6fb61e/0.jpg"", ""data/external/lingoqa/images/val/2506f1593774d92c0e46c61a8b6fb61e/1.jpg"", ""data/external/lingoqa/images/val/2506f1593774d92c0e46c61a8b6fb61e/2.jpg"", ""data/external/lingoqa/images/val/2506f1593774d92c0e46c61a8b6fb61e/3.jpg"", ""data/external/lingoqa/images/val/2506f1593774d92c0e46c61a8b6fb61e/4.jpg""]"
lingoqa_eval_000066_hard_negative_spatial_reasoning,lingoqa_eval_000066,v0_fix_rewritten,hard_negative_spatial_reasoning,reasoning_world_knowledge,high_quality_fix_rewritten,fix,true,normal_vqa_sft,true,keep_sft_v1,It is only safe to move forward slowly and cautiously.,"The ego vehicle is near a zebra crossing. Pedestrians are visible around the crossing in later frames, so the car should move only after confirming they are not entering the ego lane; the safety concern is pedestrian priority at the crossing.",Changed 'safe' to cautious movement tied to pedestrian position.,,-0.1429,0.0,,Is it safe for you to move forward? Why or why not?,data/external/lingoqa/images/val/8b1eaed55ac89d3fd98ca9a00d3b29a3/0.jpg,"[""data/external/lingoqa/images/val/8b1eaed55ac89d3fd98ca9a00d3b29a3/0.jpg"", ""data/external/lingoqa/images/val/8b1eaed55ac89d3fd98ca9a00d3b29a3/1.jpg"", ""data/external/lingoqa/images/val/8b1eaed55ac89d3fd98ca9a00d3b29a3/2.jpg"", ""data/external/lingoqa/images/val/8b1eaed55ac89d3fd98ca9a00d3b29a3/3.jpg"", ""data/external/lingoqa/images/val/8b1eaed55ac89d3fd98ca9a00d3b29a3/4.jpg""]"
lingoqa_eval_000077_hard_negative_spatial_reasoning,lingoqa_eval_000077,v0_fix_rewritten,hard_negative_spatial_reasoning,spatial_localization,high_quality_fix_rewritten,fix,true,normal_vqa_sft,true,keep_sft_v1,Speed should be adjusted for the low-speed street environment.,"The frames show a narrow urban road with a visible 20 mph road marking, a bus-stop area, and roadside pedestrian activity. The ego action should be to maintain a modest speed so there is enough stopping margin if a pedestrian, cyclist, or vehicle appears near the stop or side street.",Original car-distance rationale was not visible; rewrote around visible speed marking and roadside context.,,-0.0794,0.45,,"What factors influence the adjustment of your speed, and why is it important to do so?",data/external/lingoqa/images/val/76cb389da4bde25d3af627968de66278/0.jpg,"[""data/external/lingoqa/images/val/76cb389da4bde25d3af627968de66278/0.jpg"", ""data/external/lingoqa/images/val/76cb389da4bde25d3af627968de66278/1.jpg"", ""data/external/lingoqa/images/val/76cb389da4bde25d3af627968de66278/2.jpg"", ""data/external/lingoqa/images/val/76cb389da4bde25d3af627968de66278/3.jpg"", ""data/external/lingoqa/images/val/76cb389da4bde25d3af627968de66278/4.jpg""]"
lingoqa_eval_000037_hard_negative_spatial_reasoning,lingoqa_eval_000037,v0_drop,hard_negative_spatial_reasoning,spatial_localization,exclude,drop,false,none,false,drop_sft_v1,,,"The cyclist-on-left and right-lane movement cause are not clearly visible, so the gold rationale lacks image support.",,-0.0764,0.1379,,"What is the current action and its justification? Answer in the form ""action, justification"".",data/external/lingoqa/images/val/d0983de189bba9f90dfd5f91e81be620/0.jpg,"[""data/external/lingoqa/images/val/d0983de189bba9f90dfd5f91e81be620/0.jpg"", ""data/external/lingoqa/images/val/d0983de189bba9f90dfd5f91e81be620/1.jpg"", ""data/external/lingoqa/images/val/d0983de189bba9f90dfd5f91e81be620/2.jpg"", ""data/external/lingoqa/images/val/d0983de189bba9f90dfd5f91e81be620/3.jpg"", ""data/external/lingoqa/images/val/d0983de189bba9f90dfd5f91e81be620/4.jpg""]"
lingoqa_eval_000052_hard_negative_spatial_reasoning,lingoqa_eval_000052,v0_keep_rewritten,hard_negative_spatial_reasoning,spatial_localization,spatial_reasoning_correction,keep,true,normal_vqa_sft,true,keep_sft_v1,Start and accelerate gently as traffic ahead pulls away at the green light.,The vehicles in front are moving through the junction and the traffic light is green. The ego action should be a cautious start while maintaining distance to the vehicle ahead.,Manual image review accepted with grounded rewrite.,,-0.0296,0.2667,,"What is the current action and its justification? Answer in the form ""action, justification"".",data/external/lingoqa/images/val/f294651150b7727859aaf5d0e3ab9f2e/0.jpg,"[""data/external/lingoqa/images/val/f294651150b7727859aaf5d0e3ab9f2e/0.jpg"", ""data/external/lingoqa/images/val/f294651150b7727859aaf5d0e3ab9f2e/1.jpg"", ""data/external/lingoqa/images/val/f294651150b7727859aaf5d0e3ab9f2e/2.jpg"", ""data/external/lingoqa/images/val/f294651150b7727859aaf5d0e3ab9f2e/3.jpg"", ""data/external/lingoqa/images/val/f294651150b7727859aaf5d0e3ab9f2e/4.jpg""]"
lingoqa_eval_000075_wrong_image_confound,lingoqa_eval_000075,v0_keep_anti_capped_rewritten,wrong_image_confound,other,anti_hallucination_counterfactual,keep,true,normal_vqa_sft,true,keep_sft_v1,The nearby car is not the main constraint; the ego vehicle needs to stop for the red light.,"The current frames show a red signal and pedestrians in the crossing area. The visible safety constraint is the signal and pedestrian crossing, not a vehicle cutting into the ego lane.",Kept as capped anti-hallucination visual-evidence sample.,,-0.3087,0.3,,How is the car impacting your driving?,data/external/lingoqa/images/val/ab4845470b41f0e123da50c996c35745/0.jpg,"[""data/external/lingoqa/images/val/ab4845470b41f0e123da50c996c35745/0.jpg"", ""data/external/lingoqa/images/val/ab4845470b41f0e123da50c996c35745/1.jpg"", ""data/external/lingoqa/images/val/ab4845470b41f0e123da50c996c35745/2.jpg"", ""data/external/lingoqa/images/val/ab4845470b41f0e123da50c996c35745/3.jpg"", ""data/external/lingoqa/images/val/ab4845470b41f0e123da50c996c35745/4.jpg""]"
lingoqa_eval_000078_wrong_image_confound,lingoqa_eval_000078,v0_drop,wrong_image_confound,counting,exclude,drop,false,none,false,drop_sft_v1,,,"Parked versus stationary vehicles is ambiguous in the scene, making the count and label unreliable.",,-0.2857,0.0,,How many parked vehicles can you see on this street?,data/external/lingoqa/images/val/6fcc62c8231450608cddba5a8e4193cd/0.jpg,"[""data/external/lingoqa/images/val/6fcc62c8231450608cddba5a8e4193cd/0.jpg"", ""data/external/lingoqa/images/val/6fcc62c8231450608cddba5a8e4193cd/1.jpg"", ""data/external/lingoqa/images/val/6fcc62c8231450608cddba5a8e4193cd/2.jpg"", ""data/external/lingoqa/images/val/6fcc62c8231450608cddba5a8e4193cd/3.jpg"", ""data/external/lingoqa/images/val/6fcc62c8231450608cddba5a8e4193cd/4.jpg""]"
lingoqa_eval_000044_wrong_image_confound,lingoqa_eval_000044,v0_fix_rewritten,wrong_image_confound,object_recognition,high_quality_fix_rewritten,fix,true,normal_vqa_sft,true,keep_sft_v1,No vehicle traffic lights are visible.,"The frames show a pedestrian crossing area with yellow beacon-style posts, but no red/amber/green vehicle traffic signal governing the ego lane. The safe interpretation is not to invent a traffic-light color from the image.","Kept as a negative visual-evidence sample, distinguishing beacons from vehicle traffic lights.",,-0.1667,0.3333,,Are there any traffic lights? What color are they showing?,data/external/lingoqa/images/val/8e9323f72ccc4b6637f4f27f0657f3d4/0.jpg,"[""data/external/lingoqa/images/val/8e9323f72ccc4b6637f4f27f0657f3d4/0.jpg"", ""data/external/lingoqa/images/val/8e9323f72ccc4b6637f4f27f0657f3d4/1.jpg"", ""data/external/lingoqa/images/val/8e9323f72ccc4b6637f4f27f0657f3d4/2.jpg"", ""data/external/lingoqa/images/val/8e9323f72ccc4b6637f4f27f0657f3d4/3.jpg"", ""data/external/lingoqa/images/val/8e9323f72ccc4b6637f4f27f0657f3d4/4.jpg""]"
lingoqa_eval_000049_wrong_image_confound,lingoqa_eval_000049,v0_keep_anti_capped_rewritten,wrong_image_confound,object_recognition,anti_hallucination_counterfactual,keep,true,normal_vqa_sft,true,keep_sft_v1,"Yes, a green traffic light is visible.","The traffic signal ahead for the ego path is green in the reviewed frames, so the answer should be based on that visible signal.",Kept as capped anti-hallucination visual-evidence sample.,,-0.1667,0.5,,"Is there a traffic light in sight? If so, what color is it exhibiting?",data/external/lingoqa/images/val/cd0f484698c6828b020fff5c65864d7c/0.jpg,"[""data/external/lingoqa/images/val/cd0f484698c6828b020fff5c65864d7c/0.jpg"", ""data/external/lingoqa/images/val/cd0f484698c6828b020fff5c65864d7c/1.jpg"", ""data/external/lingoqa/images/val/cd0f484698c6828b020fff5c65864d7c/2.jpg"", ""data/external/lingoqa/images/val/cd0f484698c6828b020fff5c65864d7c/3.jpg"", ""data/external/lingoqa/images/val/cd0f484698c6828b020fff5c65864d7c/4.jpg""]"
lingoqa_eval_000065_wrong_image_confound,lingoqa_eval_000065,v0_keep,wrong_image_confound,other,anti_hallucination_counterfactual,keep,false,preference_or_rejection_later,false,keep_preference_later,,,Wrong-image confound not selected for ordinary SFT cap; better reserved for preference/rejection data.,,-0.15,0.25,,What should you pay attention to in this scenario?,data/external/lingoqa/images/val/f91e7de2b6dbd5cae22565b37cead317/0.jpg,"[""data/external/lingoqa/images/val/f91e7de2b6dbd5cae22565b37cead317/0.jpg"", ""data/external/lingoqa/images/val/f91e7de2b6dbd5cae22565b37cead317/1.jpg"", ""data/external/lingoqa/images/val/f91e7de2b6dbd5cae22565b37cead317/2.jpg"", ""data/external/lingoqa/images/val/f91e7de2b6dbd5cae22565b37cead317/3.jpg"", ""data/external/lingoqa/images/val/f91e7de2b6dbd5cae22565b37cead317/4.jpg""]"
lingoqa_eval_000009_wrong_image_confound,lingoqa_eval_000009,v0_keep_anti_capped_rewritten,wrong_image_confound,other,anti_hallucination_counterfactual,keep,true,normal_vqa_sft,true,keep_sft_v1,"No, there is no traffic in the ego lane preventing forward movement.",The ego lane ahead is clear in the current images; nearby parked or roadside vehicles do not block the ego path.,Kept as capped anti-hallucination visual-evidence sample.,,0.0,1.0,,Is there any traffic in your lane preventing you from moving forward?,data/external/lingoqa/images/val/9192c58d9644f2254f27d76948d46e0c/0.jpg,"[""data/external/lingoqa/images/val/9192c58d9644f2254f27d76948d46e0c/0.jpg"", ""data/external/lingoqa/images/val/9192c58d9644f2254f27d76948d46e0c/1.jpg"", ""data/external/lingoqa/images/val/9192c58d9644f2254f27d76948d46e0c/2.jpg"", ""data/external/lingoqa/images/val/9192c58d9644f2254f27d76948d46e0c/3.jpg"", ""data/external/lingoqa/images/val/9192c58d9644f2254f27d76948d46e0c/4.jpg""]"
lingoqa_eval_000020_wrong_image_confound,lingoqa_eval_000020,v0_keep,wrong_image_confound,other,anti_hallucination_counterfactual,keep,false,preference_or_rejection_later,false,keep_preference_later,,,Wrong-image confound not selected for ordinary SFT cap; better reserved for preference/rejection data.,,0.0,0.3333,,Is any vehicle stopped at the zebra crossing?,data/external/lingoqa/images/val/dad2e5f536e0c7a91e4929405eeb19da/0.jpg,"[""data/external/lingoqa/images/val/dad2e5f536e0c7a91e4929405eeb19da/0.jpg"", ""data/external/lingoqa/images/val/dad2e5f536e0c7a91e4929405eeb19da/1.jpg"", ""data/external/lingoqa/images/val/dad2e5f536e0c7a91e4929405eeb19da/2.jpg"", ""data/external/lingoqa/images/val/dad2e5f536e0c7a91e4929405eeb19da/3.jpg"", ""data/external/lingoqa/images/val/dad2e5f536e0c7a91e4929405eeb19da/4.jpg""]"
lingoqa_eval_000021_wrong_image_confound,lingoqa_eval_000021,v0_keep_anti_capped_rewritten,wrong_image_confound,reasoning_world_knowledge,anti_hallucination_counterfactual,keep,true,normal_vqa_sft,true,keep_sft_v1,You are not changing lane; you are overtaking a cyclist within the current lane.,A cyclist is visible close to the left/front of the ego vehicle while the ego lane continues ahead. The maneuver is to pass with lateral clearance rather than change lanes.,Kept as capped anti-hallucination visual-evidence sample.,,0.0,0.4444,,Why are you changing lane?,data/external/lingoqa/images/val/55e44f08b5e036f3807756a162e3f66b/0.jpg,"[""data/external/lingoqa/images/val/55e44f08b5e036f3807756a162e3f66b/0.jpg"", ""data/external/lingoqa/images/val/55e44f08b5e036f3807756a162e3f66b/1.jpg"", ""data/external/lingoqa/images/val/55e44f08b5e036f3807756a162e3f66b/2.jpg"", ""data/external/lingoqa/images/val/55e44f08b5e036f3807756a162e3f66b/3.jpg"", ""data/external/lingoqa/images/val/55e44f08b5e036f3807756a162e3f66b/4.jpg""]"
lingoqa_eval_000023_wrong_image_confound,lingoqa_eval_000023,v0_keep_anti_capped_rewritten,wrong_image_confound,counting,anti_hallucination_counterfactual,keep,true,normal_vqa_sft,true,keep_sft_v1,There are zero cyclists on the road.,"The reviewed frames show pedestrians near the crossing, but no cyclist is visible in the road scene.",Kept as capped anti-hallucination visual-evidence sample.,,0.0,1.0,,How many cyclists are on the road?,data/external/lingoqa/images/val/b458631e4e946fe134f09a9e979d6347/0.jpg,"[""data/external/lingoqa/images/val/b458631e4e946fe134f09a9e979d6347/0.jpg"", ""data/external/lingoqa/images/val/b458631e4e946fe134f09a9e979d6347/1.jpg"", ""data/external/lingoqa/images/val/b458631e4e946fe134f09a9e979d6347/2.jpg"", ""data/external/lingoqa/images/val/b458631e4e946fe134f09a9e979d6347/3.jpg"", ""data/external/lingoqa/images/val/b458631e4e946fe134f09a9e979d6347/4.jpg""]"
lingoqa_eval_000025_wrong_image_confound,lingoqa_eval_000025,v0_fix,wrong_image_confound,other,high_quality_fix_rewritten,fix,false,normal_vqa_sft,true,drop_sft_v1,,,Dropped: 'safe to proceed' is too safety-critical and the visible signal/pedestrian context is not clear enough for a confident positive answer.,,0.0,1.0,,Is it safe for you to proceed through the intersection?,data/external/lingoqa/images/val/0fc7c33bf1d778e944d5e374e64240bb/0.jpg,"[""data/external/lingoqa/images/val/0fc7c33bf1d778e944d5e374e64240bb/0.jpg"", ""data/external/lingoqa/images/val/0fc7c33bf1d778e944d5e374e64240bb/1.jpg"", ""data/external/lingoqa/images/val/0fc7c33bf1d778e944d5e374e64240bb/2.jpg"", ""data/external/lingoqa/images/val/0fc7c33bf1d778e944d5e374e64240bb/3.jpg"", ""data/external/lingoqa/images/val/0fc7c33bf1d778e944d5e374e64240bb/4.jpg""]"
lingoqa_eval_000028_wrong_image_confound,lingoqa_eval_000028,v0_keep,wrong_image_confound,counting,anti_hallucination_counterfactual,keep,false,preference_or_rejection_later,false,keep_preference_later,,,Wrong-image confound not selected for ordinary SFT cap; better reserved for preference/rejection data.,,0.0,0.3333,,How many motorcyclists can you see?,data/external/lingoqa/images/val/f294651150b7727859aaf5d0e3ab9f2e/0.jpg,"[""data/external/lingoqa/images/val/f294651150b7727859aaf5d0e3ab9f2e/0.jpg"", ""data/external/lingoqa/images/val/f294651150b7727859aaf5d0e3ab9f2e/1.jpg"", ""data/external/lingoqa/images/val/f294651150b7727859aaf5d0e3ab9f2e/2.jpg"", ""data/external/lingoqa/images/val/f294651150b7727859aaf5d0e3ab9f2e/3.jpg"", ""data/external/lingoqa/images/val/f294651150b7727859aaf5d0e3ab9f2e/4.jpg""]"
lingoqa_eval_000040_wrong_image_confound,lingoqa_eval_000040,v0_keep_anti_capped_rewritten,wrong_image_confound,other,anti_hallucination_counterfactual,keep,true,normal_vqa_sft,true,keep_sft_v1,No cyclists are visible.,"Vehicles and pedestrians are visible around the road, but there is no bicycle rider in the current images.",Kept as capped anti-hallucination visual-evidence sample.,,0.0,0.4,,Are there any cyclists in this image?,data/external/lingoqa/images/val/a96c0d9c0c0dae3a6b27e56e983f817d/0.jpg,"[""data/external/lingoqa/images/val/a96c0d9c0c0dae3a6b27e56e983f817d/0.jpg"", ""data/external/lingoqa/images/val/a96c0d9c0c0dae3a6b27e56e983f817d/1.jpg"", ""data/external/lingoqa/images/val/a96c0d9c0c0dae3a6b27e56e983f817d/2.jpg"", ""data/external/lingoqa/images/val/a96c0d9c0c0dae3a6b27e56e983f817d/3.jpg"", ""data/external/lingoqa/images/val/a96c0d9c0c0dae3a6b27e56e983f817d/4.jpg""]"
lingoqa_eval_000042_wrong_image_confound,lingoqa_eval_000042,v0_keep,wrong_image_confound,spatial_localization,anti_hallucination_counterfactual,keep,false,preference_or_rejection_later,false,keep_preference_later,,,Wrong-image confound not selected for ordinary SFT cap; better reserved for preference/rejection data.,,0.0,0.3333,,Is there traffic in the opposite direction?,data/external/lingoqa/images/val/eafb7e051fe110abb845b985ae6d9a2b/0.jpg,"[""data/external/lingoqa/images/val/eafb7e051fe110abb845b985ae6d9a2b/0.jpg"", ""data/external/lingoqa/images/val/eafb7e051fe110abb845b985ae6d9a2b/1.jpg"", ""data/external/lingoqa/images/val/eafb7e051fe110abb845b985ae6d9a2b/2.jpg"", ""data/external/lingoqa/images/val/eafb7e051fe110abb845b985ae6d9a2b/3.jpg"", ""data/external/lingoqa/images/val/eafb7e051fe110abb845b985ae6d9a2b/4.jpg""]"
lingoqa_eval_000059_wrong_image_confound,lingoqa_eval_000059,v0_keep,wrong_image_confound,object_recognition,anti_hallucination_counterfactual,keep,false,preference_or_rejection_later,false,keep_preference_later,,,Wrong-image confound not selected for ordinary SFT cap; better reserved for preference/rejection data.,,0.0,0.4,,"Are there any traffic lights present? If so, what is the color displayed by the lights?",data/external/lingoqa/images/val/b458631e4e946fe134f09a9e979d6347/0.jpg,"[""data/external/lingoqa/images/val/b458631e4e946fe134f09a9e979d6347/0.jpg"", ""data/external/lingoqa/images/val/b458631e4e946fe134f09a9e979d6347/1.jpg"", ""data/external/lingoqa/images/val/b458631e4e946fe134f09a9e979d6347/2.jpg"", ""data/external/lingoqa/images/val/b458631e4e946fe134f09a9e979d6347/3.jpg"", ""data/external/lingoqa/images/val/b458631e4e946fe134f09a9e979d6347/4.jpg""]"
lingoqa_eval_000062_wrong_image_confound,lingoqa_eval_000062,v0_keep_anti_capped_rewritten,wrong_image_confound,spatial_localization,anti_hallucination_counterfactual,keep,true,normal_vqa_sft,true,keep_sft_v1,No buses are visible.,"The scene contains cyclists or pedestrians on the road, but no bus appears in the current frames.",Kept as capped anti-hallucination visual-evidence sample.,,0.0,1.0,,"Are there any buses in this image? If yes, where are they located?",data/external/lingoqa/images/val/cea4263f7822855aab6ef0c1263712bf/0.jpg,"[""data/external/lingoqa/images/val/cea4263f7822855aab6ef0c1263712bf/0.jpg"", ""data/external/lingoqa/images/val/cea4263f7822855aab6ef0c1263712bf/1.jpg"", ""data/external/lingoqa/images/val/cea4263f7822855aab6ef0c1263712bf/2.jpg"", ""data/external/lingoqa/images/val/cea4263f7822855aab6ef0c1263712bf/3.jpg"", ""data/external/lingoqa/images/val/cea4263f7822855aab6ef0c1263712bf/4.jpg""]"
lingoqa_eval_000064_positive_grounding,lingoqa_eval_000064,v0_keep_rewritten,positive_grounding,object_recognition,positive_visual_grounding,keep,true,normal_vqa_sft,true,keep_sft_v1,The traffic light is green.,"The signal visible ahead for the ego path is green across the reviewed frames, supporting a green-light answer from the current image evidence.",Manual image review accepted with grounded rewrite.,,1.0,1.0,,What is the color of traffic lights at this intersection?,data/external/lingoqa/images/val/0e4e17ad8f45c7bcce2c1ac65f83b10c/0.jpg,"[""data/external/lingoqa/images/val/0e4e17ad8f45c7bcce2c1ac65f83b10c/0.jpg"", ""data/external/lingoqa/images/val/0e4e17ad8f45c7bcce2c1ac65f83b10c/1.jpg"", ""data/external/lingoqa/images/val/0e4e17ad8f45c7bcce2c1ac65f83b10c/2.jpg"", ""data/external/lingoqa/images/val/0e4e17ad8f45c7bcce2c1ac65f83b10c/3.jpg"", ""data/external/lingoqa/images/val/0e4e17ad8f45c7bcce2c1ac65f83b10c/4.jpg""]"
lingoqa_eval_000069_wrong_image_confound,lingoqa_eval_000069,v0_keep_anti_capped_rewritten,wrong_image_confound,object_recognition,anti_hallucination_counterfactual,keep,true,normal_vqa_sft,true,keep_sft_v1,"Yes, the visible traffic lights are green.","The ego-facing signal at the junction is green, so the color answer should be tied to the visible signal rather than a prior.",Kept as capped anti-hallucination visual-evidence sample.,,0.0,0.4,,"Are there any traffic lights in the vicinity? If yes, what colors are they displaying?",data/external/lingoqa/images/val/b5e17d77ec428f982132bf4a2badac0e/0.jpg,"[""data/external/lingoqa/images/val/b5e17d77ec428f982132bf4a2badac0e/0.jpg"", ""data/external/lingoqa/images/val/b5e17d77ec428f982132bf4a2badac0e/1.jpg"", ""data/external/lingoqa/images/val/b5e17d77ec428f982132bf4a2badac0e/2.jpg"", ""data/external/lingoqa/images/val/b5e17d77ec428f982132bf4a2badac0e/3.jpg"", ""data/external/lingoqa/images/val/b5e17d77ec428f982132bf4a2badac0e/4.jpg""]"
lingoqa_eval_000070_positive_grounding,lingoqa_eval_000070,v0_keep_rewritten,positive_grounding,other,positive_visual_grounding,keep,true,normal_vqa_sft,true,keep_sft_v1,"Yes, pedestrians are crossing the road.","Pedestrians are visible on and near the zebra crossing ahead of the ego vehicle, so the answer is grounded in their position across the road.",Manual image review accepted with grounded rewrite.,,1.0,1.0,,Are there pedestrians crossing the road?,data/external/lingoqa/images/val/aba3a80f88924404e7aeca071167920d/0.jpg,"[""data/external/lingoqa/images/val/aba3a80f88924404e7aeca071167920d/0.jpg"", ""data/external/lingoqa/images/val/aba3a80f88924404e7aeca071167920d/1.jpg"", ""data/external/lingoqa/images/val/aba3a80f88924404e7aeca071167920d/2.jpg"", ""data/external/lingoqa/images/val/aba3a80f88924404e7aeca071167920d/3.jpg"", ""data/external/lingoqa/images/val/aba3a80f88924404e7aeca071167920d/4.jpg""]"
lingoqa_eval_000085_wrong_image_confound,lingoqa_eval_000085,v0_fix_rewritten,wrong_image_confound,other,high_quality_fix_rewritten,fix,true,normal_vqa_sft,true,keep_sft_v1,"No, there is no visible vehicle that the ego vehicle must yield to when going straight.",The ego-facing signal is green and the visible vehicles are not crossing into the ego lane. The appropriate action is to continue straight with normal caution for the junction and any pedestrians near the crossing.,Rewrote terse negative answer with signal ownership and ego-path evidence.,,0.0,1.0,,Should you yield to any vehicle when going straight at this intersection?,data/external/lingoqa/images/val/8f3964238bb3d551e806cb73f2182835/0.jpg,"[""data/external/lingoqa/images/val/8f3964238bb3d551e806cb73f2182835/0.jpg"", ""data/external/lingoqa/images/val/8f3964238bb3d551e806cb73f2182835/1.jpg"", ""data/external/lingoqa/images/val/8f3964238bb3d551e806cb73f2182835/2.jpg"", ""data/external/lingoqa/images/val/8f3964238bb3d551e806cb73f2182835/3.jpg"", ""data/external/lingoqa/images/val/8f3964238bb3d551e806cb73f2182835/4.jpg""]"
lingoqa_eval_000089_wrong_image_confound,lingoqa_eval_000089,v0_drop,wrong_image_confound,object_recognition,exclude,drop,false,none,false,drop_sft_v1,,,"A red traffic signal is not clearly supported, and vehicles ahead do not clearly appear stopped for red. Gold conflicts with visible evidence.",,0.0,0.3077,,"Is there a traffic signal present? If there is, what color is being exhibited?",data/external/lingoqa/images/val/e2f2517cb762eb532be383cae04d652a/0.jpg,"[""data/external/lingoqa/images/val/e2f2517cb762eb532be383cae04d652a/0.jpg"", ""data/external/lingoqa/images/val/e2f2517cb762eb532be383cae04d652a/1.jpg"", ""data/external/lingoqa/images/val/e2f2517cb762eb532be383cae04d652a/2.jpg"", ""data/external/lingoqa/images/val/e2f2517cb762eb532be383cae04d652a/3.jpg"", ""data/external/lingoqa/images/val/e2f2517cb762eb532be383cae04d652a/4.jpg""]"
lingoqa_eval_000090_wrong_image_confound,lingoqa_eval_000090,v0_keep_anti_capped_rewritten,wrong_image_confound,other,anti_hallucination_counterfactual,keep,true,normal_vqa_sft,true,keep_sft_v1,The road speed limit is 20.,"A 20 mph marking is painted in the ego lane, providing direct visual evidence for the speed limit.",Kept as capped anti-hallucination visual-evidence sample.,,0.0,0.2857,,What is the road speed limit?,data/external/lingoqa/images/val/a1109658670fb29d13ac113d322c004c/0.jpg,"[""data/external/lingoqa/images/val/a1109658670fb29d13ac113d322c004c/0.jpg"", ""data/external/lingoqa/images/val/a1109658670fb29d13ac113d322c004c/1.jpg"", ""data/external/lingoqa/images/val/a1109658670fb29d13ac113d322c004c/2.jpg"", ""data/external/lingoqa/images/val/a1109658670fb29d13ac113d322c004c/3.jpg"", ""data/external/lingoqa/images/val/a1109658670fb29d13ac113d322c004c/4.jpg""]"
lingoqa_eval_000091_wrong_image_confound,lingoqa_eval_000091,v0_drop,wrong_image_confound,spatial_localization,exclude,drop,false,none,false,drop_sft_v1,,,No clear no-right-turn sign or lane rule is visible. The No answer lacks sufficient image evidence.,,0.0,1.0,,Are you permitted to make a right turn at this specific location?,data/external/lingoqa/images/val/69de30a10f550407d84c778f9ae9570c/0.jpg,"[""data/external/lingoqa/images/val/69de30a10f550407d84c778f9ae9570c/0.jpg"", ""data/external/lingoqa/images/val/69de30a10f550407d84c778f9ae9570c/1.jpg"", ""data/external/lingoqa/images/val/69de30a10f550407d84c778f9ae9570c/2.jpg"", ""data/external/lingoqa/images/val/69de30a10f550407d84c778f9ae9570c/3.jpg"", ""data/external/lingoqa/images/val/69de30a10f550407d84c778f9ae9570c/4.jpg""]"
lingoqa_eval_000092_positive_grounding,lingoqa_eval_000092,v0_keep_rewritten,positive_grounding,counting,positive_visual_grounding,keep,true,normal_vqa_sft,true,keep_sft_v1,There is one parked car on the left.,A dark parked vehicle is visible along the left curb beside the ego lane; the count is one for the parked car on that side.,Manual image review accepted with grounded rewrite.,,1.0,1.0,,How many parked cars can you spot on the left?,data/external/lingoqa/images/val/ddabf1e10d3aa1c5eeee62063fccf692/0.jpg,"[""data/external/lingoqa/images/val/ddabf1e10d3aa1c5eeee62063fccf692/0.jpg"", ""data/external/lingoqa/images/val/ddabf1e10d3aa1c5eeee62063fccf692/1.jpg"", ""data/external/lingoqa/images/val/ddabf1e10d3aa1c5eeee62063fccf692/2.jpg"", ""data/external/lingoqa/images/val/ddabf1e10d3aa1c5eeee62063fccf692/3.jpg"", ""data/external/lingoqa/images/val/ddabf1e10d3aa1c5eeee62063fccf692/4.jpg""]"
lingoqa_eval_000093_wrong_image_confound,lingoqa_eval_000093,v0_keep,wrong_image_confound,object_recognition,anti_hallucination_counterfactual,keep,false,preference_or_rejection_later,false,keep_preference_later,,,Wrong-image confound not selected for ordinary SFT cap; better reserved for preference/rejection data.,,0.0,0.4,,"Are there any traffic lights present? If yes, what color are they displaying?",data/external/lingoqa/images/val/cd0f484698c6828b020fff5c65864d7c/0.jpg,"[""data/external/lingoqa/images/val/cd0f484698c6828b020fff5c65864d7c/0.jpg"", ""data/external/lingoqa/images/val/cd0f484698c6828b020fff5c65864d7c/1.jpg"", ""data/external/lingoqa/images/val/cd0f484698c6828b020fff5c65864d7c/2.jpg"", ""data/external/lingoqa/images/val/cd0f484698c6828b020fff5c65864d7c/3.jpg"", ""data/external/lingoqa/images/val/cd0f484698c6828b020fff5c65864d7c/4.jpg""]"
lingoqa_eval_000095_wrong_image_confound,lingoqa_eval_000095,v0_drop,wrong_image_confound,spatial_localization,exclude,drop,false,none,false,drop_sft_v1,,,"Cyclists are present, but the count of two and the left-lane relation are not clear enough for training.",,0.0,0.2,,Are there any cyclists in this image?,data/external/lingoqa/images/val/16ac40a0f73c04115c5ab188d7922491/0.jpg,"[""data/external/lingoqa/images/val/16ac40a0f73c04115c5ab188d7922491/0.jpg"", ""data/external/lingoqa/images/val/16ac40a0f73c04115c5ab188d7922491/1.jpg"", ""data/external/lingoqa/images/val/16ac40a0f73c04115c5ab188d7922491/2.jpg"", ""data/external/lingoqa/images/val/16ac40a0f73c04115c5ab188d7922491/3.jpg"", ""data/external/lingoqa/images/val/16ac40a0f73c04115c5ab188d7922491/4.jpg""]"
lingoqa_eval_000098_wrong_image_confound,lingoqa_eval_000098,v0_keep_anti_capped_rewritten,wrong_image_confound,other,anti_hallucination_counterfactual,keep,true,normal_vqa_sft,true,keep_sft_v1,No emergency vehicles are visible.,"The frames show ordinary road traffic and parked vehicles, but no ambulance, police, or fire vehicle is visible.",Kept as capped anti-hallucination visual-evidence sample.,,0.0,1.0,,Can you spot any emergency vehicles in this image?,data/external/lingoqa/images/val/5fd375189aa75315f808df106a650068/0.jpg,"[""data/external/lingoqa/images/val/5fd375189aa75315f808df106a650068/0.jpg"", ""data/external/lingoqa/images/val/5fd375189aa75315f808df106a650068/1.jpg"", ""data/external/lingoqa/images/val/5fd375189aa75315f808df106a650068/2.jpg"", ""data/external/lingoqa/images/val/5fd375189aa75315f808df106a650068/3.jpg"", ""data/external/lingoqa/images/val/5fd375189aa75315f808df106a650068/4.jpg""]"
lingoqa_eval_000030_language_prior_confound,lingoqa_eval_000030,v0_drop,language_prior_confound,other,exclude,drop,false,none,false,drop_sft_v1,,,"The answer is generic speed-limit advice and depends on current speed, which is not visually available. Language-prior value is too high.",,-0.2356,0.0769,,Do you need to speed up? State the reason for your answer.,data/external/lingoqa/images/val/76cb389da4bde25d3af627968de66278/0.jpg,"[""data/external/lingoqa/images/val/76cb389da4bde25d3af627968de66278/0.jpg"", ""data/external/lingoqa/images/val/76cb389da4bde25d3af627968de66278/1.jpg"", ""data/external/lingoqa/images/val/76cb389da4bde25d3af627968de66278/2.jpg"", ""data/external/lingoqa/images/val/76cb389da4bde25d3af627968de66278/3.jpg"", ""data/external/lingoqa/images/val/76cb389da4bde25d3af627968de66278/4.jpg""]"
lingoqa_eval_000019_language_prior_confound,lingoqa_eval_000019,v0_drop,language_prior_confound,object_recognition,exclude,drop,false,none,false,drop_sft_v1,,,"The visible amber devices are pedestrian-crossing beacons, not clearly standard intersection traffic lights. The question and answer are ambiguous.",,-0.2098,0.1538,,"Are there any traffic lights present at this intersection? If so, what is the color displayed?",data/external/lingoqa/images/val/aba3a80f88924404e7aeca071167920d/0.jpg,"[""data/external/lingoqa/images/val/aba3a80f88924404e7aeca071167920d/0.jpg"", ""data/external/lingoqa/images/val/aba3a80f88924404e7aeca071167920d/1.jpg"", ""data/external/lingoqa/images/val/aba3a80f88924404e7aeca071167920d/2.jpg"", ""data/external/lingoqa/images/val/aba3a80f88924404e7aeca071167920d/3.jpg"", ""data/external/lingoqa/images/val/aba3a80f88924404e7aeca071167920d/4.jpg""]"
lingoqa_eval_000015_language_prior_confound,lingoqa_eval_000015,unreviewed,language_prior_confound,other,exclude,unreviewed,false,none,false,drop_sft_v1,,,Dropped by conservative v1 policy.,,-0.2,0.0,,Can you spot any traffic sign? What do they indicate?,data/external/lingoqa/images/val/97a2a11eb970cb429cf1cf8457123fab/0.jpg,"[""data/external/lingoqa/images/val/97a2a11eb970cb429cf1cf8457123fab/0.jpg"", ""data/external/lingoqa/images/val/97a2a11eb970cb429cf1cf8457123fab/1.jpg"", ""data/external/lingoqa/images/val/97a2a11eb970cb429cf1cf8457123fab/2.jpg"", ""data/external/lingoqa/images/val/97a2a11eb970cb429cf1cf8457123fab/3.jpg"", ""data/external/lingoqa/images/val/97a2a11eb970cb429cf1cf8457123fab/4.jpg""]"
lingoqa_eval_000084_language_prior_confound,lingoqa_eval_000084,unreviewed,language_prior_confound,object_recognition,exclude,unreviewed,false,none,false,drop_sft_v1,,,Dropped by conservative v1 policy.,,-0.1046,0.1176,,"Are there any traffic lights present at this intersection? If so, what is the color displayed?",data/external/lingoqa/images/val/5b79a31f791f6b5f575122a6ddcb6e7e/0.jpg,"[""data/external/lingoqa/images/val/5b79a31f791f6b5f575122a6ddcb6e7e/0.jpg"", ""data/external/lingoqa/images/val/5b79a31f791f6b5f575122a6ddcb6e7e/1.jpg"", ""data/external/lingoqa/images/val/5b79a31f791f6b5f575122a6ddcb6e7e/2.jpg"", ""data/external/lingoqa/images/val/5b79a31f791f6b5f575122a6ddcb6e7e/3.jpg"", ""data/external/lingoqa/images/val/5b79a31f791f6b5f575122a6ddcb6e7e/4.jpg""]"
lingoqa_eval_000003_positive_grounding,lingoqa_eval_000003,unreviewed,positive_grounding,other,positive_visual_grounding,unreviewed,false,normal_vqa_sft_after_review,true,needs_human_review,,,Not promoted because local image evidence was missing or not reviewed in this pass.,,0.6667,1.0,,Can you spot any pedestrians crossing the road?,data/external/lingoqa/images/val/01dbcf4b079b49b6ca34c0475492380c/0.jpg,"[""data/external/lingoqa/images/val/01dbcf4b079b49b6ca34c0475492380c/0.jpg"", ""data/external/lingoqa/images/val/01dbcf4b079b49b6ca34c0475492380c/1.jpg"", ""data/external/lingoqa/images/val/01dbcf4b079b49b6ca34c0475492380c/2.jpg"", ""data/external/lingoqa/images/val/01dbcf4b079b49b6ca34c0475492380c/3.jpg"", ""data/external/lingoqa/images/val/01dbcf4b079b49b6ca34c0475492380c/4.jpg""]"
lingoqa_eval_000029_positive_grounding,lingoqa_eval_000029,unreviewed,positive_grounding,object_recognition,positive_visual_grounding,unreviewed,false,normal_vqa_sft_after_review,true,needs_human_review,,,Not promoted because local image evidence was missing or not reviewed in this pass.,,0.8,0.8,,"Are there any traffic lights present? If yes, what is the color of the lights?",data/external/lingoqa/images/val/a51fb9e029890062f7c86d581cbd96a2/0.jpg,"[""data/external/lingoqa/images/val/a51fb9e029890062f7c86d581cbd96a2/0.jpg"", ""data/external/lingoqa/images/val/a51fb9e029890062f7c86d581cbd96a2/1.jpg"", ""data/external/lingoqa/images/val/a51fb9e029890062f7c86d581cbd96a2/2.jpg"", ""data/external/lingoqa/images/val/a51fb9e029890062f7c86d581cbd96a2/3.jpg"", ""data/external/lingoqa/images/val/a51fb9e029890062f7c86d581cbd96a2/4.jpg""]"
lingoqa_eval_000067_language_prior_confound,lingoqa_eval_000067,unreviewed,language_prior_confound,spatial_localization,exclude,unreviewed,false,none,false,drop_sft_v1,,,Dropped by conservative v1 policy.,,0.0,1.0,,Is it safe to overtake the bus?,data/external/lingoqa/images/val/ddabf1e10d3aa1c5eeee62063fccf692/0.jpg,"[""data/external/lingoqa/images/val/ddabf1e10d3aa1c5eeee62063fccf692/0.jpg"", ""data/external/lingoqa/images/val/ddabf1e10d3aa1c5eeee62063fccf692/1.jpg"", ""data/external/lingoqa/images/val/ddabf1e10d3aa1c5eeee62063fccf692/2.jpg"", ""data/external/lingoqa/images/val/ddabf1e10d3aa1c5eeee62063fccf692/3.jpg"", ""data/external/lingoqa/images/val/ddabf1e10d3aa1c5eeee62063fccf692/4.jpg""]"
lingoqa_eval_000080_language_prior_confound,lingoqa_eval_000080,unreviewed,language_prior_confound,other,exclude,unreviewed,false,none,false,drop_sft_v1,,,Dropped by conservative v1 policy.,,0.0,0.25,,"Is there any traffic in your lane? If there is, what types of vehicles are present?",data/external/lingoqa/images/val/8127f3b506fa0146a795f0085bb60cd3/0.jpg,"[""data/external/lingoqa/images/val/8127f3b506fa0146a795f0085bb60cd3/0.jpg"", ""data/external/lingoqa/images/val/8127f3b506fa0146a795f0085bb60cd3/1.jpg"", ""data/external/lingoqa/images/val/8127f3b506fa0146a795f0085bb60cd3/2.jpg"", ""data/external/lingoqa/images/val/8127f3b506fa0146a795f0085bb60cd3/3.jpg"", ""data/external/lingoqa/images/val/8127f3b506fa0146a795f0085bb60cd3/4.jpg""]"
lingoqa_eval_000034_positive_grounding,lingoqa_eval_000034,unreviewed,positive_grounding,object_recognition,positive_visual_grounding,unreviewed,false,normal_vqa_sft_after_review,true,needs_human_review,,,Not promoted because local image evidence was missing or not reviewed in this pass.,,0.3333,1.0,,"Are there any traffic lights present? If so, what is the color displayed by the lights?",data/external/lingoqa/images/val/e9148b5d1dc3d42ae93cb718d1585aca/0.jpg,"[""data/external/lingoqa/images/val/e9148b5d1dc3d42ae93cb718d1585aca/0.jpg"", ""data/external/lingoqa/images/val/e9148b5d1dc3d42ae93cb718d1585aca/1.jpg"", ""data/external/lingoqa/images/val/e9148b5d1dc3d42ae93cb718d1585aca/2.jpg"", ""data/external/lingoqa/images/val/e9148b5d1dc3d42ae93cb718d1585aca/3.jpg"", ""data/external/lingoqa/images/val/e9148b5d1dc3d42ae93cb718d1585aca/4.jpg""]"
lingoqa_eval_000076_positive_grounding,lingoqa_eval_000076,unreviewed,positive_grounding,reasoning_world_knowledge,positive_visual_grounding,unreviewed,false,normal_vqa_sft_after_review,true,needs_human_review,,,Not promoted because local image evidence was missing or not reviewed in this pass.,,0.6,0.6,,Why can you start in this instance?,data/external/lingoqa/images/val/5c95f9353d8c4c8a3b111fc91c8b9c2b/0.jpg,"[""data/external/lingoqa/images/val/5c95f9353d8c4c8a3b111fc91c8b9c2b/0.jpg"", ""data/external/lingoqa/images/val/5c95f9353d8c4c8a3b111fc91c8b9c2b/1.jpg"", ""data/external/lingoqa/images/val/5c95f9353d8c4c8a3b111fc91c8b9c2b/2.jpg"", ""data/external/lingoqa/images/val/5c95f9353d8c4c8a3b111fc91c8b9c2b/3.jpg"", ""data/external/lingoqa/images/val/5c95f9353d8c4c8a3b111fc91c8b9c2b/4.jpg""]"
lingoqa_eval_000054_positive_grounding,lingoqa_eval_000054,unreviewed,positive_grounding,object_recognition,positive_visual_grounding,unreviewed,false,normal_vqa_sft_after_review,true,needs_human_review,,,Not promoted because local image evidence was missing or not reviewed in this pass.,,0.5,0.5,,"Are there any traffic lights present? If so, what is the color displayed by the lights?",data/external/lingoqa/images/val/63ffb065cf9859665335ab371b593f41/0.jpg,"[""data/external/lingoqa/images/val/63ffb065cf9859665335ab371b593f41/0.jpg"", ""data/external/lingoqa/images/val/63ffb065cf9859665335ab371b593f41/1.jpg"", ""data/external/lingoqa/images/val/63ffb065cf9859665335ab371b593f41/2.jpg"", ""data/external/lingoqa/images/val/63ffb065cf9859665335ab371b593f41/3.jpg"", ""data/external/lingoqa/images/val/63ffb065cf9859665335ab371b593f41/4.jpg""]"
lingoqa_eval_000002_positive_grounding,lingoqa_eval_000002,unreviewed,positive_grounding,object_recognition,positive_visual_grounding,unreviewed,false,normal_vqa_sft_after_review,true,needs_human_review,,,Not promoted because local image evidence was missing or not reviewed in this pass.,,0.1333,0.8,,"Are there any traffic lights on your lane? If yes, what are their color?",data/external/lingoqa/images/val/94dee4a9b5603e9cbac8c2444d6cda6e/0.jpg,"[""data/external/lingoqa/images/val/94dee4a9b5603e9cbac8c2444d6cda6e/0.jpg"", ""data/external/lingoqa/images/val/94dee4a9b5603e9cbac8c2444d6cda6e/1.jpg"", ""data/external/lingoqa/images/val/94dee4a9b5603e9cbac8c2444d6cda6e/2.jpg"", ""data/external/lingoqa/images/val/94dee4a9b5603e9cbac8c2444d6cda6e/3.jpg"", ""data/external/lingoqa/images/val/94dee4a9b5603e9cbac8c2444d6cda6e/4.jpg""]"
lingoqa_eval_000094_all_settings_failed,lingoqa_eval_000094,unreviewed,all_settings_failed,other,manual_review_needed,unreviewed,false,normal_vqa_sft_after_review,true,needs_human_review,,,Not promoted because local image evidence was missing or not reviewed in this pass.,,-0.1538,0.0,,"What is the current action and its justification? Answer in the form ""action, justification"".",data/external/lingoqa/images/val/b6e397dd9a84bf1151e4c8d27f6e03fa/0.jpg,"[""data/external/lingoqa/images/val/b6e397dd9a84bf1151e4c8d27f6e03fa/0.jpg"", ""data/external/lingoqa/images/val/b6e397dd9a84bf1151e4c8d27f6e03fa/1.jpg"", ""data/external/lingoqa/images/val/b6e397dd9a84bf1151e4c8d27f6e03fa/2.jpg"", ""data/external/lingoqa/images/val/b6e397dd9a84bf1151e4c8d27f6e03fa/3.jpg"", ""data/external/lingoqa/images/val/b6e397dd9a84bf1151e4c8d27f6e03fa/4.jpg""]"
lingoqa_eval_000073_positive_grounding,lingoqa_eval_000073,unreviewed,positive_grounding,counting,positive_visual_grounding,unreviewed,false,normal_vqa_sft_after_review,true,needs_human_review,,,Not promoted because local image evidence was missing or not reviewed in this pass.,,0.4,0.4,,How many cyclists are there?,data/external/lingoqa/images/val/00fb5ab9e2d508c573d588652cf0d025/0.jpg,"[""data/external/lingoqa/images/val/00fb5ab9e2d508c573d588652cf0d025/0.jpg"", ""data/external/lingoqa/images/val/00fb5ab9e2d508c573d588652cf0d025/1.jpg"", ""data/external/lingoqa/images/val/00fb5ab9e2d508c573d588652cf0d025/2.jpg"", ""data/external/lingoqa/images/val/00fb5ab9e2d508c573d588652cf0d025/3.jpg"", ""data/external/lingoqa/images/val/00fb5ab9e2d508c573d588652cf0d025/4.jpg""]"
lingoqa_eval_000056_positive_grounding,lingoqa_eval_000056,unreviewed_positive_manual_review,positive_grounding,reasoning_world_knowledge,positive_visual_grounding,unreviewed,true,normal_vqa_sft,true,keep_sft_v1,"Yes, it is safe to enter with caution because the ego traffic light is green.","The ego-facing traffic signal is green. A pedestrian is visible near the crossing area, so the safe implication is to enter only while continuing to monitor that pedestrian.",Manual image review accepted with grounded rewrite.,,0.2297,0.5,,Is it safe to enter the intersection at this time? Why?,data/external/lingoqa/images/val/16ac40a0f73c04115c5ab188d7922491/0.jpg,"[""data/external/lingoqa/images/val/16ac40a0f73c04115c5ab188d7922491/0.jpg"", ""data/external/lingoqa/images/val/16ac40a0f73c04115c5ab188d7922491/1.jpg"", ""data/external/lingoqa/images/val/16ac40a0f73c04115c5ab188d7922491/2.jpg"", ""data/external/lingoqa/images/val/16ac40a0f73c04115c5ab188d7922491/3.jpg"", ""data/external/lingoqa/images/val/16ac40a0f73c04115c5ab188d7922491/4.jpg""]"
lingoqa_eval_000005_positive_grounding,lingoqa_eval_000005,unreviewed_positive_manual_review,positive_grounding,spatial_localization,positive_visual_grounding,unreviewed,true,normal_vqa_sft,true,keep_sft_v1,"Start moving, because the traffic light for the ego path is green.","The frames show the ego vehicle at an intersection with a green signal ahead and no vehicle blocking the lane, so starting is visually supported.",Manual image review accepted with grounded rewrite.,,0.2381,0.4286,,"What is the current action and its justification? Answer in the form ""action, justification"".",data/external/lingoqa/images/val/16ac40a0f73c04115c5ab188d7922491/0.jpg,"[""data/external/lingoqa/images/val/16ac40a0f73c04115c5ab188d7922491/0.jpg"", ""data/external/lingoqa/images/val/16ac40a0f73c04115c5ab188d7922491/1.jpg"", ""data/external/lingoqa/images/val/16ac40a0f73c04115c5ab188d7922491/2.jpg"", ""data/external/lingoqa/images/val/16ac40a0f73c04115c5ab188d7922491/3.jpg"", ""data/external/lingoqa/images/val/16ac40a0f73c04115c5ab188d7922491/4.jpg""]"
lingoqa_eval_000050_all_settings_failed,lingoqa_eval_000050,unreviewed,all_settings_failed,other,manual_review_needed,unreviewed,false,normal_vqa_sft_after_review,true,needs_human_review,,,Not promoted because local image evidence was missing or not reviewed in this pass.,,-0.0833,0.0,,"What is the current action and its justification? Answer in the form ""action, justification"".",data/external/lingoqa/images/val/01dbcf4b079b49b6ca34c0475492380c/0.jpg,"[""data/external/lingoqa/images/val/01dbcf4b079b49b6ca34c0475492380c/0.jpg"", ""data/external/lingoqa/images/val/01dbcf4b079b49b6ca34c0475492380c/1.jpg"", ""data/external/lingoqa/images/val/01dbcf4b079b49b6ca34c0475492380c/2.jpg"", ""data/external/lingoqa/images/val/01dbcf4b079b49b6ca34c0475492380c/3.jpg"", ""data/external/lingoqa/images/val/01dbcf4b079b49b6ca34c0475492380c/4.jpg""]"
lingoqa_eval_000014_positive_grounding,lingoqa_eval_000014,unreviewed,positive_grounding,object_recognition,positive_visual_grounding,unreviewed,false,normal_vqa_sft_after_review,true,needs_human_review,,,Not promoted because local image evidence was missing or not reviewed in this pass.,,0.2857,0.2857,,"Are there any traffic signals? If yes, what is the color displayed?",data/external/lingoqa/images/val/74f8db8cfd196bdaf188f43e2aba689d/0.jpg,"[""data/external/lingoqa/images/val/74f8db8cfd196bdaf188f43e2aba689d/0.jpg"", ""data/external/lingoqa/images/val/74f8db8cfd196bdaf188f43e2aba689d/1.jpg"", ""data/external/lingoqa/images/val/74f8db8cfd196bdaf188f43e2aba689d/2.jpg"", ""data/external/lingoqa/images/val/74f8db8cfd196bdaf188f43e2aba689d/3.jpg"", ""data/external/lingoqa/images/val/74f8db8cfd196bdaf188f43e2aba689d/4.jpg""]"
lingoqa_eval_000039_positive_grounding,lingoqa_eval_000039,unreviewed,positive_grounding,object_recognition,positive_visual_grounding,unreviewed,false,normal_vqa_sft_after_review,true,needs_human_review,,,Not promoted because local image evidence was missing or not reviewed in this pass.,,0.2,0.3333,,"Are there any traffic lights present at this intersection? If so, what is the color displayed?",data/external/lingoqa/images/val/42b2150188e97e7c4d7d790b670f1f74/0.jpg,"[""data/external/lingoqa/images/val/42b2150188e97e7c4d7d790b670f1f74/0.jpg"", ""data/external/lingoqa/images/val/42b2150188e97e7c4d7d790b670f1f74/1.jpg"", ""data/external/lingoqa/images/val/42b2150188e97e7c4d7d790b670f1f74/2.jpg"", ""data/external/lingoqa/images/val/42b2150188e97e7c4d7d790b670f1f74/3.jpg"", ""data/external/lingoqa/images/val/42b2150188e97e7c4d7d790b670f1f74/4.jpg""]"
lingoqa_eval_000001_all_settings_failed,lingoqa_eval_000001,all_settings_failed_manual_promote,all_settings_failed,counting,positive_visual_grounding,unreviewed,true,normal_vqa_sft,true,keep_sft_v1,There are zero cyclists visible.,"The reviewed frames show pedestrians and parked vehicles near the road, but no cyclist is visible in the ego scene.",Manual image review accepted with grounded rewrite.,,0.0,0.0,,How many cyclists are there?,data/external/lingoqa/images/val/2506f1593774d92c0e46c61a8b6fb61e/0.jpg,"[""data/external/lingoqa/images/val/2506f1593774d92c0e46c61a8b6fb61e/0.jpg"", ""data/external/lingoqa/images/val/2506f1593774d92c0e46c61a8b6fb61e/1.jpg"", ""data/external/lingoqa/images/val/2506f1593774d92c0e46c61a8b6fb61e/2.jpg"", ""data/external/lingoqa/images/val/2506f1593774d92c0e46c61a8b6fb61e/3.jpg"", ""data/external/lingoqa/images/val/2506f1593774d92c0e46c61a8b6fb61e/4.jpg""]"
lingoqa_eval_000006_all_settings_failed,lingoqa_eval_000006,unreviewed,all_settings_failed,weather_road_condition,manual_review_needed,unreviewed,false,normal_vqa_sft_after_review,true,needs_human_review,,,Not promoted because local image evidence was missing or not reviewed in this pass.,,0.0,0.1026,,"Considering the scenario, what should be your appropriate speed and steering behavior?",data/external/lingoqa/images/val/e2e859bb03ca10ec89d45bd16c3879ce/0.jpg,"[""data/external/lingoqa/images/val/e2e859bb03ca10ec89d45bd16c3879ce/0.jpg"", ""data/external/lingoqa/images/val/e2e859bb03ca10ec89d45bd16c3879ce/1.jpg"", ""data/external/lingoqa/images/val/e2e859bb03ca10ec89d45bd16c3879ce/2.jpg"", ""data/external/lingoqa/images/val/e2e859bb03ca10ec89d45bd16c3879ce/3.jpg"", ""data/external/lingoqa/images/val/e2e859bb03ca10ec89d45bd16c3879ce/4.jpg""]"
lingoqa_eval_000007_all_settings_failed,lingoqa_eval_000007,unreviewed,all_settings_failed,counting,manual_review_needed,unreviewed,false,normal_vqa_sft_after_review,true,needs_human_review,,,Not promoted because local image evidence was missing or not reviewed in this pass.,,0.0,0.0,,How many pedestrians are crossing the road?,data/external/lingoqa/images/val/788192e7d185b1f0071c0a096f17ff19/0.jpg,"[""data/external/lingoqa/images/val/788192e7d185b1f0071c0a096f17ff19/0.jpg"", ""data/external/lingoqa/images/val/788192e7d185b1f0071c0a096f17ff19/1.jpg"", ""data/external/lingoqa/images/val/788192e7d185b1f0071c0a096f17ff19/2.jpg"", ""data/external/lingoqa/images/val/788192e7d185b1f0071c0a096f17ff19/3.jpg"", ""data/external/lingoqa/images/val/788192e7d185b1f0071c0a096f17ff19/4.jpg""]"
lingoqa_eval_000008_all_settings_failed,lingoqa_eval_000008,unreviewed,all_settings_failed,object_recognition,manual_review_needed,unreviewed,false,normal_vqa_sft_after_review,true,needs_human_review,,,Not promoted because local image evidence was missing or not reviewed in this pass.,,0.0,0.0,,What color are the traffic lights showing?,data/external/lingoqa/images/val/0f54dedab4ab997e8cdf97c570146292/0.jpg,"[""data/external/lingoqa/images/val/0f54dedab4ab997e8cdf97c570146292/0.jpg"", ""data/external/lingoqa/images/val/0f54dedab4ab997e8cdf97c570146292/1.jpg"", ""data/external/lingoqa/images/val/0f54dedab4ab997e8cdf97c570146292/2.jpg"", ""data/external/lingoqa/images/val/0f54dedab4ab997e8cdf97c570146292/3.jpg"", ""data/external/lingoqa/images/val/0f54dedab4ab997e8cdf97c570146292/4.jpg""]"
lingoqa_eval_000012_all_settings_failed,lingoqa_eval_000012,unreviewed,all_settings_failed,weather_road_condition,manual_review_needed,unreviewed,false,normal_vqa_sft_after_review,true,needs_human_review,,,Not promoted because local image evidence was missing or not reviewed in this pass.,,0.0,0.0,,What is the weather like?,data/external/lingoqa/images/val/e2e859bb03ca10ec89d45bd16c3879ce/0.jpg,"[""data/external/lingoqa/images/val/e2e859bb03ca10ec89d45bd16c3879ce/0.jpg"", ""data/external/lingoqa/images/val/e2e859bb03ca10ec89d45bd16c3879ce/1.jpg"", ""data/external/lingoqa/images/val/e2e859bb03ca10ec89d45bd16c3879ce/2.jpg"", ""data/external/lingoqa/images/val/e2e859bb03ca10ec89d45bd16c3879ce/3.jpg"", ""data/external/lingoqa/images/val/e2e859bb03ca10ec89d45bd16c3879ce/4.jpg""]"
lingoqa_eval_000013_all_settings_failed,lingoqa_eval_000013,unreviewed,all_settings_failed,counting,manual_review_needed,unreviewed,false,normal_vqa_sft_after_review,true,needs_human_review,,,Not promoted because local image evidence was missing or not reviewed in this pass.,,0.0,0.0,,How many cyclists are on the road?,data/external/lingoqa/images/val/7ae30db643ea8d142589ff909fdb0a63/0.jpg,"[""data/external/lingoqa/images/val/7ae30db643ea8d142589ff909fdb0a63/0.jpg"", ""data/external/lingoqa/images/val/7ae30db643ea8d142589ff909fdb0a63/1.jpg"", ""data/external/lingoqa/images/val/7ae30db643ea8d142589ff909fdb0a63/2.jpg"", ""data/external/lingoqa/images/val/7ae30db643ea8d142589ff909fdb0a63/3.jpg"", ""data/external/lingoqa/images/val/7ae30db643ea8d142589ff909fdb0a63/4.jpg""]"
lingoqa_eval_000017_all_settings_failed,lingoqa_eval_000017,unreviewed,all_settings_failed,spatial_localization,manual_review_needed,unreviewed,false,normal_vqa_sft_after_review,true,needs_human_review,,,Not promoted because local image evidence was missing or not reviewed in this pass.,,0.0,0.0,,What kind of vehicles are in front of you?,data/external/lingoqa/images/val/9a4487ea65f5fc2dd9afccc5bfa5d329/0.jpg,"[""data/external/lingoqa/images/val/9a4487ea65f5fc2dd9afccc5bfa5d329/0.jpg"", ""data/external/lingoqa/images/val/9a4487ea65f5fc2dd9afccc5bfa5d329/1.jpg"", ""data/external/lingoqa/images/val/9a4487ea65f5fc2dd9afccc5bfa5d329/2.jpg"", ""data/external/lingoqa/images/val/9a4487ea65f5fc2dd9afccc5bfa5d329/3.jpg"", ""data/external/lingoqa/images/val/9a4487ea65f5fc2dd9afccc5bfa5d329/4.jpg""]"
lingoqa_eval_000018_all_settings_failed,lingoqa_eval_000018,all_settings_failed_manual_promote,all_settings_failed,counting,positive_visual_grounding,unreviewed,true,normal_vqa_sft,true,keep_sft_v1,Two pedestrians are crossing the road.,"Two pedestrians are visible on the crossing in front of the ego vehicle, so the count and location are directly supported by the frames.",Manual image review accepted with grounded rewrite.,,0.0,0.0,,How many pedestrians are crossing the road?,data/external/lingoqa/images/val/8e9323f72ccc4b6637f4f27f0657f3d4/0.jpg,"[""data/external/lingoqa/images/val/8e9323f72ccc4b6637f4f27f0657f3d4/0.jpg"", ""data/external/lingoqa/images/val/8e9323f72ccc4b6637f4f27f0657f3d4/1.jpg"", ""data/external/lingoqa/images/val/8e9323f72ccc4b6637f4f27f0657f3d4/2.jpg"", ""data/external/lingoqa/images/val/8e9323f72ccc4b6637f4f27f0657f3d4/3.jpg"", ""data/external/lingoqa/images/val/8e9323f72ccc4b6637f4f27f0657f3d4/4.jpg""]"
lingoqa_eval_000027_all_settings_failed,lingoqa_eval_000027,unreviewed,all_settings_failed,spatial_localization,manual_review_needed,unreviewed,false,normal_vqa_sft_after_review,true,needs_human_review,,,Not promoted because local image evidence was missing or not reviewed in this pass.,,0.0,0.0,,Should you stop? Why yes or why not?,data/external/lingoqa/images/val/00fb5ab9e2d508c573d588652cf0d025/0.jpg,"[""data/external/lingoqa/images/val/00fb5ab9e2d508c573d588652cf0d025/0.jpg"", ""data/external/lingoqa/images/val/00fb5ab9e2d508c573d588652cf0d025/1.jpg"", ""data/external/lingoqa/images/val/00fb5ab9e2d508c573d588652cf0d025/2.jpg"", ""data/external/lingoqa/images/val/00fb5ab9e2d508c573d588652cf0d025/3.jpg"", ""data/external/lingoqa/images/val/00fb5ab9e2d508c573d588652cf0d025/4.jpg""]"
lingoqa_eval_000033_all_settings_failed,lingoqa_eval_000033,unreviewed,all_settings_failed,counting,manual_review_needed,unreviewed,false,normal_vqa_sft_after_review,true,needs_human_review,,,Not promoted because local image evidence was missing or not reviewed in this pass.,,0.0,0.0,,How many motorcyclists can be seen?,data/external/lingoqa/images/val/f2e4286e94457b8605069190e29f955a/0.jpg,"[""data/external/lingoqa/images/val/f2e4286e94457b8605069190e29f955a/0.jpg"", ""data/external/lingoqa/images/val/f2e4286e94457b8605069190e29f955a/1.jpg"", ""data/external/lingoqa/images/val/f2e4286e94457b8605069190e29f955a/2.jpg"", ""data/external/lingoqa/images/val/f2e4286e94457b8605069190e29f955a/3.jpg"", ""data/external/lingoqa/images/val/f2e4286e94457b8605069190e29f955a/4.jpg""]"
lingoqa_eval_000035_all_settings_failed,lingoqa_eval_000035,all_settings_failed_manual_promote,all_settings_failed,other,spatial_reasoning_correction,unreviewed,true,normal_vqa_sft,true,keep_sft_v1,Stop at the intersection.,The ego vehicle reaches an intersection with a red traffic light and pedestrians crossing the road. Stopping prevents entering the crossing while pedestrians are in the path.,Manual image review accepted with grounded rewrite.,,0.0,0.0,,"What is the current action and its justification? Answer in the form ""action, justification"".",data/external/lingoqa/images/val/ab4845470b41f0e123da50c996c35745/0.jpg,"[""data/external/lingoqa/images/val/ab4845470b41f0e123da50c996c35745/0.jpg"", ""data/external/lingoqa/images/val/ab4845470b41f0e123da50c996c35745/1.jpg"", ""data/external/lingoqa/images/val/ab4845470b41f0e123da50c996c35745/2.jpg"", ""data/external/lingoqa/images/val/ab4845470b41f0e123da50c996c35745/3.jpg"", ""data/external/lingoqa/images/val/ab4845470b41f0e123da50c996c35745/4.jpg""]"
lingoqa_eval_000038_all_settings_failed,lingoqa_eval_000038,unreviewed,all_settings_failed,counting,manual_review_needed,unreviewed,false,normal_vqa_sft_after_review,true,needs_human_review,,,Not promoted because local image evidence was missing or not reviewed in this pass.,,0.0,0.0,,How many pedestrians can be seen?,data/external/lingoqa/images/val/f2e4286e94457b8605069190e29f955a/0.jpg,"[""data/external/lingoqa/images/val/f2e4286e94457b8605069190e29f955a/0.jpg"", ""data/external/lingoqa/images/val/f2e4286e94457b8605069190e29f955a/1.jpg"", ""data/external/lingoqa/images/val/f2e4286e94457b8605069190e29f955a/2.jpg"", ""data/external/lingoqa/images/val/f2e4286e94457b8605069190e29f955a/3.jpg"", ""data/external/lingoqa/images/val/f2e4286e94457b8605069190e29f955a/4.jpg""]"
lingoqa_eval_000041_all_settings_failed,lingoqa_eval_000041,unreviewed,all_settings_failed,reasoning_world_knowledge,manual_review_needed,unreviewed,false,normal_vqa_sft_after_review,true,needs_human_review,,,Not promoted because local image evidence was missing or not reviewed in this pass.,,0.0,0.0,,Can you proceed forward at this moment? Explain why or why not.,data/external/lingoqa/images/val/b6e397dd9a84bf1151e4c8d27f6e03fa/0.jpg,"[""data/external/lingoqa/images/val/b6e397dd9a84bf1151e4c8d27f6e03fa/0.jpg"", ""data/external/lingoqa/images/val/b6e397dd9a84bf1151e4c8d27f6e03fa/1.jpg"", ""data/external/lingoqa/images/val/b6e397dd9a84bf1151e4c8d27f6e03fa/2.jpg"", ""data/external/lingoqa/images/val/b6e397dd9a84bf1151e4c8d27f6e03fa/3.jpg"", ""data/external/lingoqa/images/val/b6e397dd9a84bf1151e4c8d27f6e03fa/4.jpg""]"
lingoqa_eval_000045_all_settings_failed,lingoqa_eval_000045,unreviewed,all_settings_failed,other,manual_review_needed,unreviewed,false,normal_vqa_sft_after_review,true,needs_human_review,,,Not promoted because local image evidence was missing or not reviewed in this pass.,,0.0,0.0,,"What is the current action and its justification? Answer in the form ""action, justification"".",data/external/lingoqa/images/val/a92897f3de30fa1578ddf84dbf708ebe/0.jpg,"[""data/external/lingoqa/images/val/a92897f3de30fa1578ddf84dbf708ebe/0.jpg"", ""data/external/lingoqa/images/val/a92897f3de30fa1578ddf84dbf708ebe/1.jpg"", ""data/external/lingoqa/images/val/a92897f3de30fa1578ddf84dbf708ebe/2.jpg"", ""data/external/lingoqa/images/val/a92897f3de30fa1578ddf84dbf708ebe/3.jpg"", ""data/external/lingoqa/images/val/a92897f3de30fa1578ddf84dbf708ebe/4.jpg""]"
lingoqa_eval_000046_all_settings_failed,lingoqa_eval_000046,unreviewed,all_settings_failed,reasoning_world_knowledge,manual_review_needed,unreviewed,false,normal_vqa_sft_after_review,true,needs_human_review,,,Not promoted because local image evidence was missing or not reviewed in this pass.,,0.0,0.0,,Should you come to a full stop? Why?,data/external/lingoqa/images/val/63ffb065cf9859665335ab371b593f41/0.jpg,"[""data/external/lingoqa/images/val/63ffb065cf9859665335ab371b593f41/0.jpg"", ""data/external/lingoqa/images/val/63ffb065cf9859665335ab371b593f41/1.jpg"", ""data/external/lingoqa/images/val/63ffb065cf9859665335ab371b593f41/2.jpg"", ""data/external/lingoqa/images/val/63ffb065cf9859665335ab371b593f41/3.jpg"", ""data/external/lingoqa/images/val/63ffb065cf9859665335ab371b593f41/4.jpg""]"
lingoqa_eval_000048_all_settings_failed,lingoqa_eval_000048,unreviewed,all_settings_failed,counting,manual_review_needed,unreviewed,false,normal_vqa_sft_after_review,true,needs_human_review,,,Not promoted because local image evidence was missing or not reviewed in this pass.,,0.0,0.0,,How many cyclists are on the road?,data/external/lingoqa/images/val/0cb55ed0d4ce02a27a2647c97c2ab6e8/0.jpg,"[""data/external/lingoqa/images/val/0cb55ed0d4ce02a27a2647c97c2ab6e8/0.jpg"", ""data/external/lingoqa/images/val/0cb55ed0d4ce02a27a2647c97c2ab6e8/1.jpg"", ""data/external/lingoqa/images/val/0cb55ed0d4ce02a27a2647c97c2ab6e8/2.jpg"", ""data/external/lingoqa/images/val/0cb55ed0d4ce02a27a2647c97c2ab6e8/3.jpg"", ""data/external/lingoqa/images/val/0cb55ed0d4ce02a27a2647c97c2ab6e8/4.jpg""]"
lingoqa_eval_000051_all_settings_failed,lingoqa_eval_000051,unreviewed,all_settings_failed,reasoning_world_knowledge,manual_review_needed,unreviewed,false,normal_vqa_sft_after_review,true,needs_human_review,,,Not promoted because local image evidence was missing or not reviewed in this pass.,,0.0,0.0,,To which vehicle should you yield? Why?,data/external/lingoqa/images/val/0e4e17ad8f45c7bcce2c1ac65f83b10c/0.jpg,"[""data/external/lingoqa/images/val/0e4e17ad8f45c7bcce2c1ac65f83b10c/0.jpg"", ""data/external/lingoqa/images/val/0e4e17ad8f45c7bcce2c1ac65f83b10c/1.jpg"", ""data/external/lingoqa/images/val/0e4e17ad8f45c7bcce2c1ac65f83b10c/2.jpg"", ""data/external/lingoqa/images/val/0e4e17ad8f45c7bcce2c1ac65f83b10c/3.jpg"", ""data/external/lingoqa/images/val/0e4e17ad8f45c7bcce2c1ac65f83b10c/4.jpg""]"
lingoqa_eval_000053_all_settings_failed,lingoqa_eval_000053,unreviewed,all_settings_failed,counting,manual_review_needed,unreviewed,false,normal_vqa_sft_after_review,true,needs_human_review,,,Not promoted because local image evidence was missing or not reviewed in this pass.,,0.0,0.0,,How many parked cars can be seen on the right of the road?,data/external/lingoqa/images/val/8acfd91fc5488115f4a96cfb9901b35c/0.jpg,"[""data/external/lingoqa/images/val/8acfd91fc5488115f4a96cfb9901b35c/0.jpg"", ""data/external/lingoqa/images/val/8acfd91fc5488115f4a96cfb9901b35c/1.jpg"", ""data/external/lingoqa/images/val/8acfd91fc5488115f4a96cfb9901b35c/2.jpg"", ""data/external/lingoqa/images/val/8acfd91fc5488115f4a96cfb9901b35c/3.jpg"", ""data/external/lingoqa/images/val/8acfd91fc5488115f4a96cfb9901b35c/4.jpg""]"
lingoqa_eval_000058_all_settings_failed,lingoqa_eval_000058,all_settings_failed_manual_promote,all_settings_failed,counting,positive_visual_grounding,unreviewed,true,normal_vqa_sft,true,keep_sft_v1,There are no cyclists visible.,"Pedestrians are visible near the crossing area, but no bicycle rider is visible in the current frames.",Manual image review accepted with grounded rewrite.,,0.0,0.0,,How many cyclists are there?,data/external/lingoqa/images/val/8e9323f72ccc4b6637f4f27f0657f3d4/0.jpg,"[""data/external/lingoqa/images/val/8e9323f72ccc4b6637f4f27f0657f3d4/0.jpg"", ""data/external/lingoqa/images/val/8e9323f72ccc4b6637f4f27f0657f3d4/1.jpg"", ""data/external/lingoqa/images/val/8e9323f72ccc4b6637f4f27f0657f3d4/2.jpg"", ""data/external/lingoqa/images/val/8e9323f72ccc4b6637f4f27f0657f3d4/3.jpg"", ""data/external/lingoqa/images/val/8e9323f72ccc4b6637f4f27f0657f3d4/4.jpg""]"
lingoqa_eval_000061_positive_grounding,lingoqa_eval_000061,unreviewed_positive_manual_review,positive_grounding,reasoning_world_knowledge,positive_visual_grounding,unreviewed,true,normal_vqa_sft,true,keep_sft_v1,Enter only after the pedestrians have cleared the crossing.,"Pedestrians and crossing beacons are visible at the crossing ahead. The ego vehicle should not enter until the crossing is clear, even if the beacon phase permits cautious movement.",Manual image review accepted with grounded rewrite.,,0.25,0.25,,Should you enter this intersection? Why?,data/external/lingoqa/images/val/aba3a80f88924404e7aeca071167920d/0.jpg,"[""data/external/lingoqa/images/val/aba3a80f88924404e7aeca071167920d/0.jpg"", ""data/external/lingoqa/images/val/aba3a80f88924404e7aeca071167920d/1.jpg"", ""data/external/lingoqa/images/val/aba3a80f88924404e7aeca071167920d/2.jpg"", ""data/external/lingoqa/images/val/aba3a80f88924404e7aeca071167920d/3.jpg"", ""data/external/lingoqa/images/val/aba3a80f88924404e7aeca071167920d/4.jpg""]"
lingoqa_eval_000068_all_settings_failed,lingoqa_eval_000068,unreviewed,all_settings_failed,counting,manual_review_needed,unreviewed,false,normal_vqa_sft_after_review,true,needs_human_review,,,Not promoted because local image evidence was missing or not reviewed in this pass.,,0.0,0.0,,How many cyclists are there?,data/external/lingoqa/images/val/23528c8f688e6b12a1cbc084d4962ef0/0.jpg,"[""data/external/lingoqa/images/val/23528c8f688e6b12a1cbc084d4962ef0/0.jpg"", ""data/external/lingoqa/images/val/23528c8f688e6b12a1cbc084d4962ef0/1.jpg"", ""data/external/lingoqa/images/val/23528c8f688e6b12a1cbc084d4962ef0/2.jpg"", ""data/external/lingoqa/images/val/23528c8f688e6b12a1cbc084d4962ef0/3.jpg"", ""data/external/lingoqa/images/val/23528c8f688e6b12a1cbc084d4962ef0/4.jpg""]"
lingoqa_eval_000074_all_settings_failed,lingoqa_eval_000074,all_settings_failed_manual_promote,all_settings_failed,object_recognition,positive_visual_grounding,unreviewed,true,normal_vqa_sft,true,keep_sft_v1,No traffic light color is visible.,"The road ahead shows lane markings and surrounding traffic, but no visible vehicle traffic light governing the ego path, so no color should be claimed.",Manual image review accepted with grounded rewrite.,,0.0,0.0,,What color are the traffic lights?,data/external/lingoqa/images/val/a1109658670fb29d13ac113d322c004c/0.jpg,"[""data/external/lingoqa/images/val/a1109658670fb29d13ac113d322c004c/0.jpg"", ""data/external/lingoqa/images/val/a1109658670fb29d13ac113d322c004c/1.jpg"", ""data/external/lingoqa/images/val/a1109658670fb29d13ac113d322c004c/2.jpg"", ""data/external/lingoqa/images/val/a1109658670fb29d13ac113d322c004c/3.jpg"", ""data/external/lingoqa/images/val/a1109658670fb29d13ac113d322c004c/4.jpg""]"
lingoqa_eval_000079_positive_grounding,lingoqa_eval_000079,unreviewed,positive_grounding,object_recognition,positive_visual_grounding,unreviewed,false,normal_vqa_sft_after_review,true,needs_human_review,,,Not promoted because local image evidence was missing or not reviewed in this pass.,,0.25,0.25,,"Can you spot a traffic light? If yes, what color is being shown?",data/external/lingoqa/images/val/852232e46c71d346dcb9f223647c0970/0.jpg,"[""data/external/lingoqa/images/val/852232e46c71d346dcb9f223647c0970/0.jpg"", ""data/external/lingoqa/images/val/852232e46c71d346dcb9f223647c0970/1.jpg"", ""data/external/lingoqa/images/val/852232e46c71d346dcb9f223647c0970/2.jpg"", ""data/external/lingoqa/images/val/852232e46c71d346dcb9f223647c0970/3.jpg"", ""data/external/lingoqa/images/val/852232e46c71d346dcb9f223647c0970/4.jpg""]"
lingoqa_eval_000083_all_settings_failed,lingoqa_eval_000083,unreviewed,all_settings_failed,counting,manual_review_needed,unreviewed,false,normal_vqa_sft_after_review,true,needs_human_review,,,Not promoted because local image evidence was missing or not reviewed in this pass.,,0.0,0.0,,How many cars are parked on the left side of the road?,data/external/lingoqa/images/val/a92897f3de30fa1578ddf84dbf708ebe/0.jpg,"[""data/external/lingoqa/images/val/a92897f3de30fa1578ddf84dbf708ebe/0.jpg"", ""data/external/lingoqa/images/val/a92897f3de30fa1578ddf84dbf708ebe/1.jpg"", ""data/external/lingoqa/images/val/a92897f3de30fa1578ddf84dbf708ebe/2.jpg"", ""data/external/lingoqa/images/val/a92897f3de30fa1578ddf84dbf708ebe/3.jpg"", ""data/external/lingoqa/images/val/a92897f3de30fa1578ddf84dbf708ebe/4.jpg""]"
lingoqa_eval_000087_all_settings_failed,lingoqa_eval_000087,unreviewed,all_settings_failed,spatial_localization,manual_review_needed,unreviewed,false,normal_vqa_sft_after_review,true,needs_human_review,,,Not promoted because local image evidence was missing or not reviewed in this pass.,,0.0,0.0,,"What is the current action and its justification? Answer in the form ""action, justification"".",data/external/lingoqa/images/val/78bda9041fc31a77da224df63f6b8cd0/0.jpg,"[""data/external/lingoqa/images/val/78bda9041fc31a77da224df63f6b8cd0/0.jpg"", ""data/external/lingoqa/images/val/78bda9041fc31a77da224df63f6b8cd0/1.jpg"", ""data/external/lingoqa/images/val/78bda9041fc31a77da224df63f6b8cd0/2.jpg"", ""data/external/lingoqa/images/val/78bda9041fc31a77da224df63f6b8cd0/3.jpg"", ""data/external/lingoqa/images/val/78bda9041fc31a77da224df63f6b8cd0/4.jpg""]"
lingoqa_eval_000088_all_settings_failed,lingoqa_eval_000088,unreviewed,all_settings_failed,counting,manual_review_needed,unreviewed,false,normal_vqa_sft_after_review,true,needs_human_review,,,Not promoted because local image evidence was missing or not reviewed in this pass.,,0.0,0.0,,How many motorcyclists can you see?,data/external/lingoqa/images/val/788192e7d185b1f0071c0a096f17ff19/0.jpg,"[""data/external/lingoqa/images/val/788192e7d185b1f0071c0a096f17ff19/0.jpg"", ""data/external/lingoqa/images/val/788192e7d185b1f0071c0a096f17ff19/1.jpg"", ""data/external/lingoqa/images/val/788192e7d185b1f0071c0a096f17ff19/2.jpg"", ""data/external/lingoqa/images/val/788192e7d185b1f0071c0a096f17ff19/3.jpg"", ""data/external/lingoqa/images/val/788192e7d185b1f0071c0a096f17ff19/4.jpg""]"
lingoqa_eval_000097_all_settings_failed,lingoqa_eval_000097,unreviewed,all_settings_failed,object_recognition,manual_review_needed,unreviewed,false,normal_vqa_sft_after_review,true,needs_human_review,,,Not promoted because local image evidence was missing or not reviewed in this pass.,,0.0,0.0,,What is the color of the traffic lights at this intersection?,data/external/lingoqa/images/val/45b587bf54ee9db25085eb483cac242e/0.jpg,"[""data/external/lingoqa/images/val/45b587bf54ee9db25085eb483cac242e/0.jpg"", ""data/external/lingoqa/images/val/45b587bf54ee9db25085eb483cac242e/1.jpg"", ""data/external/lingoqa/images/val/45b587bf54ee9db25085eb483cac242e/2.jpg"", ""data/external/lingoqa/images/val/45b587bf54ee9db25085eb483cac242e/3.jpg"", ""data/external/lingoqa/images/val/45b587bf54ee9db25085eb483cac242e/4.jpg""]"
lingoqa_eval_000071_all_settings_failed,lingoqa_eval_000071,all_settings_failed_manual_promote,all_settings_failed,reasoning_world_knowledge,spatial_reasoning_correction,unreviewed,true,normal_vqa_sft,true,keep_sft_v1,Accelerate only gently after the cyclist and bus ahead pull away.,A cyclist is visible near the front-left of the ego lane and a bus is ahead. The ego vehicle should wait for them to move away and then follow with space.,Manual image review accepted with grounded rewrite.,,0.0124,0.1176,,What action will you take next and why?,data/external/lingoqa/images/val/ddabf1e10d3aa1c5eeee62063fccf692/0.jpg,"[""data/external/lingoqa/images/val/ddabf1e10d3aa1c5eeee62063fccf692/0.jpg"", ""data/external/lingoqa/images/val/ddabf1e10d3aa1c5eeee62063fccf692/1.jpg"", ""data/external/lingoqa/images/val/ddabf1e10d3aa1c5eeee62063fccf692/2.jpg"", ""data/external/lingoqa/images/val/ddabf1e10d3aa1c5eeee62063fccf692/3.jpg"", ""data/external/lingoqa/images/val/ddabf1e10d3aa1c5eeee62063fccf692/4.jpg""]"
lingoqa_eval_000016_all_settings_failed,lingoqa_eval_000016,unreviewed,all_settings_failed,reasoning_world_knowledge,manual_review_needed,unreviewed,false,normal_vqa_sft_after_review,true,needs_human_review,,,Not promoted because local image evidence was missing or not reviewed in this pass.,,0.0166,0.1905,,What are you focusing on while driving and why?,data/external/lingoqa/images/val/a395b347e02d4f0bf9d69da3ebd52ea4/0.jpg,"[""data/external/lingoqa/images/val/a395b347e02d4f0bf9d69da3ebd52ea4/0.jpg"", ""data/external/lingoqa/images/val/a395b347e02d4f0bf9d69da3ebd52ea4/1.jpg"", ""data/external/lingoqa/images/val/a395b347e02d4f0bf9d69da3ebd52ea4/2.jpg"", ""data/external/lingoqa/images/val/a395b347e02d4f0bf9d69da3ebd52ea4/3.jpg"", ""data/external/lingoqa/images/val/a395b347e02d4f0bf9d69da3ebd52ea4/4.jpg""]"
lingoqa_eval_000099_positive_grounding,lingoqa_eval_000099,unreviewed_positive_manual_review,positive_grounding,spatial_localization,positive_visual_grounding,unreviewed,true,normal_vqa_sft,true,keep_sft_v1,Start and follow as the cyclist and bus ahead pull away.,The bus is ahead in the ego lane and a cyclist is visible near the left side of the lane. The ego action is to start gently while preserving distance as those road users move away.,Manual image review accepted with grounded rewrite.,,0.0952,0.381,,"What is the current action and its justification? Answer in the form ""action, justification"".",data/external/lingoqa/images/val/ddabf1e10d3aa1c5eeee62063fccf692/0.jpg,"[""data/external/lingoqa/images/val/ddabf1e10d3aa1c5eeee62063fccf692/0.jpg"", ""data/external/lingoqa/images/val/ddabf1e10d3aa1c5eeee62063fccf692/1.jpg"", ""data/external/lingoqa/images/val/ddabf1e10d3aa1c5eeee62063fccf692/2.jpg"", ""data/external/lingoqa/images/val/ddabf1e10d3aa1c5eeee62063fccf692/3.jpg"", ""data/external/lingoqa/images/val/ddabf1e10d3aa1c5eeee62063fccf692/4.jpg""]"
lingoqa_eval_000043_positive_grounding,lingoqa_eval_000043,unreviewed_positive_manual_review,positive_grounding,counting,positive_visual_grounding,unreviewed,true,normal_vqa_sft,true,keep_sft_v1,Two pedestrians can be seen crossing the road.,"In the later frame, two pedestrians are visible on the crossing area ahead of the ego vehicle, so the count is two.",Manual image review accepted with grounded rewrite.,,0.2222,0.2222,,How many pedestrians can be seen?,data/external/lingoqa/images/val/eafb7e051fe110abb845b985ae6d9a2b/0.jpg,"[""data/external/lingoqa/images/val/eafb7e051fe110abb845b985ae6d9a2b/0.jpg"", ""data/external/lingoqa/images/val/eafb7e051fe110abb845b985ae6d9a2b/1.jpg"", ""data/external/lingoqa/images/val/eafb7e051fe110abb845b985ae6d9a2b/2.jpg"", ""data/external/lingoqa/images/val/eafb7e051fe110abb845b985ae6d9a2b/3.jpg"", ""data/external/lingoqa/images/val/eafb7e051fe110abb845b985ae6d9a2b/4.jpg""]"
lingoqa_eval_000063_positive_grounding,lingoqa_eval_000063,unreviewed_positive_manual_review,positive_grounding,counting,positive_visual_grounding,unreviewed,true,normal_vqa_sft,true,keep_sft_v1,There are two pedestrians on the left sidewalk.,"Two people are visible on the left sidewalk in the reviewed frames, and they are not in the ego lane.",Manual image review accepted with grounded rewrite.,,0.2222,0.2222,,How many pedestrians are present in this image?,data/external/lingoqa/images/val/04c64714f8a1bf28da156721ed7eff32/0.jpg,"[""data/external/lingoqa/images/val/04c64714f8a1bf28da156721ed7eff32/0.jpg"", ""data/external/lingoqa/images/val/04c64714f8a1bf28da156721ed7eff32/1.jpg"", ""data/external/lingoqa/images/val/04c64714f8a1bf28da156721ed7eff32/2.jpg"", ""data/external/lingoqa/images/val/04c64714f8a1bf28da156721ed7eff32/3.jpg"", ""data/external/lingoqa/images/val/04c64714f8a1bf28da156721ed7eff32/4.jpg""]"
lingoqa_eval_000096_positive_grounding,lingoqa_eval_000096,unreviewed,positive_grounding,counting,positive_visual_grounding,unreviewed,false,normal_vqa_sft_after_review,true,needs_human_review,,,Not promoted because local image evidence was missing or not reviewed in this pass.,,0.2222,0.2222,,How many pedestrians are crossing the road?,data/external/lingoqa/images/val/3f3bfab70356daed6fa27f0f11cc35dc/0.jpg,"[""data/external/lingoqa/images/val/3f3bfab70356daed6fa27f0f11cc35dc/0.jpg"", ""data/external/lingoqa/images/val/3f3bfab70356daed6fa27f0f11cc35dc/1.jpg"", ""data/external/lingoqa/images/val/3f3bfab70356daed6fa27f0f11cc35dc/2.jpg"", ""data/external/lingoqa/images/val/3f3bfab70356daed6fa27f0f11cc35dc/3.jpg"", ""data/external/lingoqa/images/val/3f3bfab70356daed6fa27f0f11cc35dc/4.jpg""]"
lingoqa_eval_000022_positive_grounding,lingoqa_eval_000022,unreviewed_positive_manual_review,positive_grounding,spatial_localization,positive_visual_grounding,unreviewed,true,normal_vqa_sft,true,keep_sft_v1,Maintain speed and stay in the current lane.,"The ego lane ahead appears clear, while the left lane is marked as a bus lane. Staying in the current lane avoids entering the bus lane unnecessarily.",Manual image review accepted with grounded rewrite.,,0.1663,0.2353,,"What is the current action and its justification? Answer in the form ""action, justification"".",data/external/lingoqa/images/val/5fd375189aa75315f808df106a650068/0.jpg,"[""data/external/lingoqa/images/val/5fd375189aa75315f808df106a650068/0.jpg"", ""data/external/lingoqa/images/val/5fd375189aa75315f808df106a650068/1.jpg"", ""data/external/lingoqa/images/val/5fd375189aa75315f808df106a650068/2.jpg"", ""data/external/lingoqa/images/val/5fd375189aa75315f808df106a650068/3.jpg"", ""data/external/lingoqa/images/val/5fd375189aa75315f808df106a650068/4.jpg""]"
lingoqa_eval_000047_positive_grounding,lingoqa_eval_000047,unreviewed_positive_manual_review,positive_grounding,spatial_localization,positive_visual_grounding,unreviewed,true,normal_vqa_sft,true,keep_sft_v1,There is no right-turn intersection immediately ahead.,"The visible road continues forward without a clear right-turn junction in front of the ego vehicle, so no right-turn positioning adjustment is supported by the image.",Manual image review accepted with grounded rewrite.,,0.2,0.2,,"Are you positioned correctly to make a right turn at this intersection? If not, what adjustments should you make?",data/external/lingoqa/images/val/55e44f08b5e036f3807756a162e3f66b/0.jpg,"[""data/external/lingoqa/images/val/55e44f08b5e036f3807756a162e3f66b/0.jpg"", ""data/external/lingoqa/images/val/55e44f08b5e036f3807756a162e3f66b/1.jpg"", ""data/external/lingoqa/images/val/55e44f08b5e036f3807756a162e3f66b/2.jpg"", ""data/external/lingoqa/images/val/55e44f08b5e036f3807756a162e3f66b/3.jpg"", ""data/external/lingoqa/images/val/55e44f08b5e036f3807756a162e3f66b/4.jpg""]"
lingoqa_eval_000100_positive_grounding,lingoqa_eval_000100,unreviewed,positive_grounding,counting,positive_visual_grounding,unreviewed,false,normal_vqa_sft_after_review,true,needs_human_review,,,Not promoted because local image evidence was missing or not reviewed in this pass.,,0.1136,0.25,,How many cyclists are there? In which direction are they driving?,data/external/lingoqa/images/val/97a2a11eb970cb429cf1cf8457123fab/0.jpg,"[""data/external/lingoqa/images/val/97a2a11eb970cb429cf1cf8457123fab/0.jpg"", ""data/external/lingoqa/images/val/97a2a11eb970cb429cf1cf8457123fab/1.jpg"", ""data/external/lingoqa/images/val/97a2a11eb970cb429cf1cf8457123fab/2.jpg"", ""data/external/lingoqa/images/val/97a2a11eb970cb429cf1cf8457123fab/3.jpg"", ""data/external/lingoqa/images/val/97a2a11eb970cb429cf1cf8457123fab/4.jpg""]"
lingoqa_eval_000086_positive_grounding,lingoqa_eval_000086,unreviewed,positive_grounding,reasoning_world_knowledge,positive_visual_grounding,unreviewed,false,normal_vqa_sft_after_review,true,needs_human_review,,,Not promoted because local image evidence was missing or not reviewed in this pass.,,0.0752,0.2857,,Why can you start at this time?,data/external/lingoqa/images/val/0ad3c6571f5aff651d43b4014b693e94/0.jpg,"[""data/external/lingoqa/images/val/0ad3c6571f5aff651d43b4014b693e94/0.jpg"", ""data/external/lingoqa/images/val/0ad3c6571f5aff651d43b4014b693e94/1.jpg"", ""data/external/lingoqa/images/val/0ad3c6571f5aff651d43b4014b693e94/2.jpg"", ""data/external/lingoqa/images/val/0ad3c6571f5aff651d43b4014b693e94/3.jpg"", ""data/external/lingoqa/images/val/0ad3c6571f5aff651d43b4014b693e94/4.jpg""]"
lingoqa_eval_000004_positive_grounding,lingoqa_eval_000004,unreviewed_positive_manual_review,positive_grounding,reasoning_world_knowledge,positive_visual_grounding,unreviewed,true,normal_vqa_sft,true,keep_sft_v1,You are stopping because the light is red and pedestrians are crossing.,The scene shows a red signal and several pedestrians crossing in front of the ego vehicle. Stopping protects the pedestrians and obeys the signal.,Manual image review accepted with grounded rewrite.,,0.1071,0.25,,Why are you stopping in this situation?,data/external/lingoqa/images/val/ab4845470b41f0e123da50c996c35745/0.jpg,"[""data/external/lingoqa/images/val/ab4845470b41f0e123da50c996c35745/0.jpg"", ""data/external/lingoqa/images/val/ab4845470b41f0e123da50c996c35745/1.jpg"", ""data/external/lingoqa/images/val/ab4845470b41f0e123da50c996c35745/2.jpg"", ""data/external/lingoqa/images/val/ab4845470b41f0e123da50c996c35745/3.jpg"", ""data/external/lingoqa/images/val/ab4845470b41f0e123da50c996c35745/4.jpg""]"
lingoqa_eval_000055_all_settings_failed,lingoqa_eval_000055,unreviewed,all_settings_failed,other,manual_review_needed,unreviewed,false,normal_vqa_sft_after_review,true,needs_human_review,,,Not promoted because local image evidence was missing or not reviewed in this pass.,,0.1667,0.1667,,Do you need to decelerate? Provide a reason for your answer.,data/external/lingoqa/images/val/ce3084593e16b501a27dbbef7b2aa653/0.jpg,"[""data/external/lingoqa/images/val/ce3084593e16b501a27dbbef7b2aa653/0.jpg"", ""data/external/lingoqa/images/val/ce3084593e16b501a27dbbef7b2aa653/1.jpg"", ""data/external/lingoqa/images/val/ce3084593e16b501a27dbbef7b2aa653/2.jpg"", ""data/external/lingoqa/images/val/ce3084593e16b501a27dbbef7b2aa653/3.jpg"", ""data/external/lingoqa/images/val/ce3084593e16b501a27dbbef7b2aa653/4.jpg""]"
lingoqa_eval_000082_positive_grounding,lingoqa_eval_000082,unreviewed,positive_grounding,spatial_localization,positive_visual_grounding,unreviewed,false,normal_vqa_sft_after_review,true,needs_human_review,,,Not promoted because local image evidence was missing or not reviewed in this pass.,,0.0565,0.25,,"What is the current action and its justification? Answer in the form ""action, justification"".",data/external/lingoqa/images/val/0fc7c33bf1d778e944d5e374e64240bb/0.jpg,"[""data/external/lingoqa/images/val/0fc7c33bf1d778e944d5e374e64240bb/0.jpg"", ""data/external/lingoqa/images/val/0fc7c33bf1d778e944d5e374e64240bb/1.jpg"", ""data/external/lingoqa/images/val/0fc7c33bf1d778e944d5e374e64240bb/2.jpg"", ""data/external/lingoqa/images/val/0fc7c33bf1d778e944d5e374e64240bb/3.jpg"", ""data/external/lingoqa/images/val/0fc7c33bf1d778e944d5e374e64240bb/4.jpg""]"
lingoqa_eval_000010_positive_grounding,lingoqa_eval_000010,unreviewed,positive_grounding,reasoning_world_knowledge,positive_visual_grounding,unreviewed,false,normal_vqa_sft_after_review,true,needs_human_review,,,Not promoted because local image evidence was missing or not reviewed in this pass.,,0.0519,0.2,,Should you maintain your speed at this moment? Why?,data/external/lingoqa/images/val/c6d32ceb5dc0f07b80646e9d629126a2/0.jpg,"[""data/external/lingoqa/images/val/c6d32ceb5dc0f07b80646e9d629126a2/0.jpg"", ""data/external/lingoqa/images/val/c6d32ceb5dc0f07b80646e9d629126a2/1.jpg"", ""data/external/lingoqa/images/val/c6d32ceb5dc0f07b80646e9d629126a2/2.jpg"", ""data/external/lingoqa/images/val/c6d32ceb5dc0f07b80646e9d629126a2/3.jpg"", ""data/external/lingoqa/images/val/c6d32ceb5dc0f07b80646e9d629126a2/4.jpg""]"
lingoqa_eval_000057_mixed_review,lingoqa_eval_000057,unreviewed,mixed_review,spatial_localization,exclude,unreviewed,false,none,false,drop_sft_v1,,,Dropped by conservative v1 policy.,,0.0357,0.2857,,"Is there any obstruction preventing the car from advancing? If so, what is the nature of the obstruction?",data/external/lingoqa/images/val/8f3964238bb3d551e806cb73f2182835/0.jpg,"[""data/external/lingoqa/images/val/8f3964238bb3d551e806cb73f2182835/0.jpg"", ""data/external/lingoqa/images/val/8f3964238bb3d551e806cb73f2182835/1.jpg"", ""data/external/lingoqa/images/val/8f3964238bb3d551e806cb73f2182835/2.jpg"", ""data/external/lingoqa/images/val/8f3964238bb3d551e806cb73f2182835/3.jpg"", ""data/external/lingoqa/images/val/8f3964238bb3d551e806cb73f2182835/4.jpg""]"
