id,candidate_type,capability,question,gold_answer,normal_prediction,human_note,drop_reason,priority_score,visual_dependency_gap,normal_f1,control_max_f1
lingoqa_eval_000024_language_prior_confound,language_prior_confound,object_recognition,"Are there any traffic lights present? If yes, what color are they displaying?",No.,"```json {   ""task"": ""external_vqa"",   ""answer"": ""yes, yellow"",   ""reason"": ""There are traffic lights visible in the image, with one displaying a yellow signal."" } ```",Only a simple negative traffic-light presence claim is needed; it is language-prior guessable and has weak grounding value.,Only a simple negative traffic-light presence claim is needed; it is language-prior guessable and has weak grounding value.,5.5,-1.0,0.0,1.0
lingoqa_eval_000060_language_prior_confound,language_prior_confound,other,"Do you need to come to a stop? If so, what is the reason for it?",No.,"```json {   ""task"": ""external_vqa"",   ""answer"": ""yes"",   ""reason"": ""the car is approaching a pedestrian crossing"" } ```","The scene has a crossing, signal hardware, and pedestrians, while No is too terse and visually under-justified. Drop under conservative review.","The scene has a crossing, signal hardware, and pedestrians, while No is too terse and visually under-justified. Drop under conservative review.",5.5,-1.0,0.0,1.0
lingoqa_eval_000037_hard_negative_spatial_reasoning,hard_negative_spatial_reasoning,spatial_localization,"What is the current action and its justification? Answer in the form ""action, justification"".","The car is clearing the intersection while moving to the right lane, in order to overtake the cyclist on the left.","```json {   ""task"": ""external_vqa"",   ""answer"": ""stop, waiting for the traffic light to change"",   ""reason"": ""the car is stopped at a red traffic light with no visible movement of other vehicles"" } ```","The cyclist-on-left and right-lane movement cause are not clearly visible, so the gold rationale lacks image support.","The cyclist-on-left and right-lane movement cause are not clearly visible, so the gold rationale lacks image support.",5.1528,-0.0764,0.1379,0.2143
lingoqa_eval_000078_wrong_image_confound,wrong_image_confound,counting,How many parked vehicles can you see on this street?,"Zero parked vehicles, but many stationary.","```json {   ""task"": ""external_vqa"",   ""answer"": ""12"",   ""reason"": ""There are 12 parked vehicles visible along the street."" } ```","Parked versus stationary vehicles is ambiguous in the scene, making the count and label unreliable.","Parked versus stationary vehicles is ambiguous in the scene, making the count and label unreliable.",4.5714,-0.2857,0.0,0.2857
lingoqa_eval_000089_wrong_image_confound,wrong_image_confound,object_recognition,"Is there a traffic signal present? If there is, what color is being exhibited?","Yes, it is red as the vehicles ahead are stopped.","```json {   ""task"": ""external_vqa"",   ""answer"": ""yes, red light"",   ""reason"": ""There is a traffic light visible in the image with a red light illuminated."" } ```","A red traffic signal is not clearly supported, and vehicles ahead do not clearly appear stopped for red. Gold conflicts with visible evidence.","A red traffic signal is not clearly supported, and vehicles ahead do not clearly appear stopped for red. Gold conflicts with visible evidence.",4.0,0.0,0.3077,0.3077
lingoqa_eval_000091_wrong_image_confound,wrong_image_confound,spatial_localization,Are you permitted to make a right turn at this specific location?,No.,"```json {   ""task"": ""external_vqa"",   ""answer"": ""no"",   ""reason"": ""the bus is turning right"" } ```",No clear no-right-turn sign or lane rule is visible. The No answer lacks sufficient image evidence.,No clear no-right-turn sign or lane rule is visible. The No answer lacks sufficient image evidence.,4.0,0.0,1.0,1.0
lingoqa_eval_000095_wrong_image_confound,wrong_image_confound,spatial_localization,Are there any cyclists in this image?,"Yes, there are 2 cyclists in the left lane.","```json {   ""task"": ""external_vqa"",   ""answer"": ""yes"",   ""reason"": ""There are cyclists riding bicycles in the image."" } ```","Cyclists are present, but the count of two and the left-lane relation are not clear enough for training.","Cyclists are present, but the count of two and the left-lane relation are not clear enough for training.",4.0,0.0,0.2,0.2
lingoqa_eval_000030_language_prior_confound,language_prior_confound,other,Do you need to speed up? State the reason for your answer.,"If doing the speed limit there is no need to speed up, if below the speed limit speed up to the limit and maintain speed.","```json {   ""task"": ""external_vqa"",   ""answer"": ""no"",   ""reason"": ""the car is stationary with no visible speedometer or gear indicator."" } ```","The answer is generic speed-limit advice and depends on current speed, which is not visually available. Language-prior value is too high.","The answer is generic speed-limit advice and depends on current speed, which is not visually available. Language-prior value is too high.",3.9712,-0.2356,0.0769,0.3125
lingoqa_eval_000019_language_prior_confound,language_prior_confound,object_recognition,"Are there any traffic lights present at this intersection? If so, what is the color displayed?",There are traffic lights displaying blinking amber.,"```json {   ""task"": ""external_vqa"",   ""answer"": ""yes, the traffic light is yellow."",   ""reason"": ""There are multiple traffic lights visible in the image, with one displaying a yellow signal."" } ```","The visible amber devices are pedestrian-crossing beacons, not clearly standard intersection traffic lights. The question and answer are ambiguous.","The visible amber devices are pedestrian-crossing beacons, not clearly standard intersection traffic lights. The question and answer are ambiguous.",3.9196,-0.2098,0.1538,0.3636
