id,capability,question,image,num_images,gold_answer,normal_answer,text_only_answer,wrong_image_answer,blank_image_answer,normal_f1,text_only_f1,wrong_image_f1,blank_image_f1,control_max_f1,visual_dependency_gap,primary_error_type,secondary_flags,recommendation,category,subcategory,source,reviewer_note
lingoqa_eval_000001,counting,How many cyclists are there?,data/external/lingoqa/images/val/2506f1593774d92c0e46c61a8b6fb61e/0.jpg,5,Zero.,0,0,4,0,0.0,0.0,0.0,0.0,0.0,0.0,all_settings_failed,counting_failure;possible_metric_artifact,Review whether the question requires finer visual evidence or has ambiguous labels.,LingoQA,counting,lingoqa,
lingoqa_eval_000002,object_recognition,"Are there any traffic lights on your lane? If yes, what are their color?",data/external/lingoqa/images/val/94dee4a9b5603e9cbac8c2444d6cda6e/0.jpg,5,"Yes, green.",yes,no,yes,no,0.6667,0.0,0.6667,0.0,0.6667,0.0,wrong_image_confound,wrong_image_beats_or_ties_normal,Check if the model is answering from language priors or if references are too generic.,LingoQA,object_recognition,lingoqa,
lingoqa_eval_000003,other,Can you spot any pedestrians crossing the road?,data/external/lingoqa/images/val/01dbcf4b079b49b6ca34c0475492380c/0.jpg,5,No.,no,no pedestrians crossing the road,yes,no,1.0,0.3333,0.0,1.0,1.0,0.0,blank_image_confound,,Strengthen prompt against hallucinated visual evidence and inspect answer ambiguity.,LingoQA,other,lingoqa,
lingoqa_eval_000004,reasoning_world_knowledge,Why are you stopping in this situation?,data/external/lingoqa/images/val/ab4845470b41f0e123da50c996c35745/0.jpg,5,"The light is red, on top of that several pedestrians are crossing the road.",I am stopping because there is a person skateboarding in front of me.,the driver is stopping due to a risk of collision with the front car,I am stopping because I need to wait for the traffic light to change.,I am stopping because I need to check something.,0.1481,0.2857,0.1429,0.0,0.2857,-0.1376,language_prior_or_question_bias,reasoning_failure;text_only_beats_or_ties_normal,Add visual-evidence requirement and verify if the question can be answered from priors.,LingoQA,reasoning_world_knowledge,lingoqa,
lingoqa_eval_000005,spatial_localization,"What is the current action and its justification? Answer in the form ""action, justification"".",data/external/lingoqa/images/val/16ac40a0f73c04115c5ab188d7922491/0.jpg,5,"The car starts, because the traffic lights turn green.",the traffic light is green,stop,driving,stop,0.4286,0.0,0.0,0.0,0.0,0.4286,visual_helped,,Keep as positive grounding evidence; inspect visual evidence wording.,LingoQA,spatial_localization,lingoqa,
lingoqa_eval_000006,weather_road_condition,"Considering the scenario, what should be your appropriate speed and steering behavior?",data/external/lingoqa/images/val/e2e859bb03ca10ec89d45bd16c3879ce/0.jpg,5,"The lane is clear so we can drive at the speed limit. However, we should be driving with caution because it is raining. Steering behaviour should continue straight.",slow down and steer towards the right side of the road,slow down and steer carefully,slow down and steer towards the right side of the road,slow down and steer carefully,0.1026,0.0,0.1026,0.0,0.1026,0.0,all_settings_failed,,Review whether the question requires finer visual evidence or has ambiguous labels.,LingoQA,weather_road_condition,lingoqa,
lingoqa_eval_000007,counting,How many pedestrians are crossing the road?,data/external/lingoqa/images/val/788192e7d185b1f0071c0a096f17ff19/0.jpg,5,"5 pedestrians crossing the road, 2 right in front of the car, 2 further away, and one to the right.",12,0,1,0,0.0,0.0,0.0,0.0,0.0,0.0,all_settings_failed,counting_failure,Review whether the question requires finer visual evidence or has ambiguous labels.,LingoQA,counting,lingoqa,
lingoqa_eval_000008,object_recognition,What color are the traffic lights showing?,data/external/lingoqa/images/val/0f54dedab4ab997e8cdf97c570146292/0.jpg,5,Green.,red,red,red,red,0.0,0.0,0.0,0.0,0.0,0.0,all_settings_failed,object_recognition_failure,Review whether the question requires finer visual evidence or has ambiguous labels.,LingoQA,object_recognition,lingoqa,
lingoqa_eval_000009,other,Is there any traffic in your lane preventing you from moving forward?,data/external/lingoqa/images/val/9192c58d9644f2254f27d76948d46e0c/0.jpg,5,No.,no,no,no,no,1.0,1.0,1.0,1.0,1.0,0.0,language_prior_or_question_bias,wrong_image_beats_or_ties_normal;text_only_beats_or_ties_normal,Add visual-evidence requirement and verify if the question can be answered from priors.,LingoQA,other,lingoqa,
lingoqa_eval_000010,reasoning_world_knowledge,Should you maintain your speed at this moment? Why?,data/external/lingoqa/images/val/c6d32ceb5dc0f07b80646e9d629126a2/0.jpg,5,"No, we should slow down because we're approaching a junction.",yes,yes,yes,"No, you should maintain your speed at this moment because the vehicle is stationary.",0.0,0.0,0.0,0.25,0.25,-0.25,blank_image_confound,reasoning_failure,Strengthen prompt against hallucinated visual evidence and inspect answer ambiguity.,LingoQA,reasoning_world_knowledge,lingoqa,
lingoqa_eval_000011,spatial_localization,"What is the current action and its justification? Answer in the form ""action, justification"".",data/external/lingoqa/images/val/2506f1593774d92c0e46c61a8b6fb61e/0.jpg,5,"The car accelerates slightly, follows the car ahead and crosses the zebra crossing, as no pedestrian is about to cross and the car ahead pulls away.",the car is driving on the road.,stop,driving,stop,0.2424,0.0,0.0,0.0,0.0,0.2424,visual_helped,,Keep as positive grounding evidence; inspect visual evidence wording.,LingoQA,spatial_localization,lingoqa,
lingoqa_eval_000012,weather_road_condition,What is the weather like?,data/external/lingoqa/images/val/e2e859bb03ca10ec89d45bd16c3879ce/0.jpg,5,It is raining.,overcast,unknown,overcast,unknown,0.0,0.0,0.0,0.0,0.0,0.0,all_settings_failed,,Review whether the question requires finer visual evidence or has ambiguous labels.,LingoQA,weather_road_condition,lingoqa,
lingoqa_eval_000013,counting,How many cyclists are on the road?,data/external/lingoqa/images/val/7ae30db643ea8d142589ff909fdb0a63/0.jpg,5,2,2,0,1,0,1.0,0.0,0.0,0.0,0.0,1.0,visual_helped,,Keep as positive grounding evidence; inspect visual evidence wording.,LingoQA,counting,lingoqa,
lingoqa_eval_000014,object_recognition,"Are there any traffic signals? If yes, what is the color displayed?",data/external/lingoqa/images/val/74f8db8cfd196bdaf188f43e2aba689d/0.jpg,5,"Yes, the traffic light is green.",yes,no,no,no,0.2857,0.0,0.0,0.0,0.0,0.2857,visual_helped,,Keep as positive grounding evidence; inspect visual evidence wording.,LingoQA,object_recognition,lingoqa,
lingoqa_eval_000015,other,Can you spot any traffic sign? What do they indicate?,data/external/lingoqa/images/val/97a2a11eb970cb429cf1cf8457123fab/0.jpg,5,I cannot spot any traffic sign.,yes,no traffic signs detected,yes,no traffic signs detected,0.0,0.2,0.0,0.2,0.2,-0.2,language_prior_or_question_bias,text_only_beats_or_ties_normal,Add visual-evidence requirement and verify if the question can be answered from priors.,LingoQA,other,lingoqa,
lingoqa_eval_000016,reasoning_world_knowledge,What are you focusing on while driving and why?,data/external/lingoqa/images/val/a395b347e02d4f0bf9d69da3ebd52ea4/0.jpg,5,"The traffic lights to make sure they stay green. The pedestrians waiting to cross, to make sure they don't step into the road. The junction, to make sure another car doesn't pull out.",focusing on the road ahead and the traffic signals.,focusing on the road ahead and the surrounding environment to ensure safe driving.,focusing on the road ahead and the traffic around me.,focusing on the road and avoiding distractions,0.1905,0.1739,0.186,0.1,0.186,0.0044,all_settings_failed,reasoning_failure,Review whether the question requires finer visual evidence or has ambiguous labels.,LingoQA,reasoning_world_knowledge,lingoqa,
lingoqa_eval_000017,spatial_localization,What kind of vehicles are in front of you?,data/external/lingoqa/images/val/9a4487ea65f5fc2dd9afccc5bfa5d329/0.jpg,5,Cyclist.,bicycles,no cars,there is a truck in front of you,no vehicles,0.0,0.0,0.0,0.0,0.0,0.0,all_settings_failed,spatial_failure,Review whether the question requires finer visual evidence or has ambiguous labels.,LingoQA,spatial_localization,lingoqa,
lingoqa_eval_000018,counting,How many pedestrians are crossing the road?,data/external/lingoqa/images/val/8e9323f72ccc4b6637f4f27f0657f3d4/0.jpg,5,2,3,0,There are two pedestrians crossing the road.,0,0.0,0.0,0.0,0.0,0.0,0.0,all_settings_failed,counting_failure,Review whether the question requires finer visual evidence or has ambiguous labels.,LingoQA,counting,lingoqa,
lingoqa_eval_000019,object_recognition,"Are there any traffic lights present at this intersection? If so, what is the color displayed?",data/external/lingoqa/images/val/aba3a80f88924404e7aeca071167920d/0.jpg,5,There are traffic lights displaying blinking amber.,yes,no traffic lights detected,yes,no,0.0,0.3636,0.0,0.0,0.3636,-0.3636,language_prior_or_question_bias,object_recognition_failure;text_only_beats_or_ties_normal,Add visual-evidence requirement and verify if the question can be answered from priors.,LingoQA,object_recognition,lingoqa,
lingoqa_eval_000020,other,Is any vehicle stopped at the zebra crossing?,data/external/lingoqa/images/val/dad2e5f536e0c7a91e4929405eeb19da/0.jpg,5,There is no zebra crossing.,no,yes,no,yes,0.3333,0.0,0.3333,0.0,0.3333,0.0,wrong_image_confound,wrong_image_beats_or_ties_normal,Check if the model is answering from language priors or if references are too generic.,LingoQA,other,lingoqa,
lingoqa_eval_000021,reasoning_world_knowledge,Why are you changing lane?,data/external/lingoqa/images/val/55e44f08b5e036f3807756a162e3f66b/0.jpg,5,I am not changing lane. I am overtaking the cyclist within the current lane.,to avoid a car in front of me,I am changing lane because I need to avoid an obstacle or navigate around a curve.,I am changing lane because I need to navigate around the red bus that is blocking my path.,I am changing lane because I need to navigate through traffic.,0.0,0.3333,0.375,0.4,0.4,-0.4,blank_image_confound,reasoning_failure;wrong_image_beats_or_ties_normal;text_only_beats_or_ties_normal,Strengthen prompt against hallucinated visual evidence and inspect answer ambiguity.,LingoQA,reasoning_world_knowledge,lingoqa,
lingoqa_eval_000022,spatial_localization,"What is the current action and its justification? Answer in the form ""action, justification"".",data/external/lingoqa/images/val/5fd375189aa75315f808df106a650068/0.jpg,5,"The car maintains its speed and stays on it lane, because the lane is free of traffic and the left lane is a bus lane.",stop,stop,the car is driving on the road.,stop,0.0,0.0,0.3125,0.0,0.3125,-0.3125,wrong_image_confound,spatial_failure;wrong_image_beats_or_ties_normal,Check if the model is answering from language priors or if references are too generic.,LingoQA,spatial_localization,lingoqa,
lingoqa_eval_000023,counting,How many cyclists are on the road?,data/external/lingoqa/images/val/b458631e4e946fe134f09a9e979d6347/0.jpg,5,0,0,0,There are no cyclists on the road.,0,1.0,1.0,0.0,1.0,1.0,0.0,language_prior_or_question_bias,text_only_beats_or_ties_normal,Add visual-evidence requirement and verify if the question can be answered from priors.,LingoQA,counting,lingoqa,
lingoqa_eval_000024,object_recognition,"Are there any traffic lights present? If yes, what color are they displaying?",data/external/lingoqa/images/val/43e53c341ab5aae565705dede4de87ab/0.jpg,5,No.,"yes, yellow",no,yes,no,0.0,1.0,0.0,1.0,1.0,-1.0,language_prior_or_question_bias,object_recognition_failure;text_only_beats_or_ties_normal,Add visual-evidence requirement and verify if the question can be answered from priors.,LingoQA,object_recognition,lingoqa,
lingoqa_eval_000025,other,Is it safe for you to proceed through the intersection?,data/external/lingoqa/images/val/0fc7c33bf1d778e944d5e374e64240bb/0.jpg,5,Yes.,yes,no,yes,no,1.0,0.0,1.0,0.0,1.0,0.0,wrong_image_confound,wrong_image_beats_or_ties_normal,Check if the model is answering from language priors or if references are too generic.,LingoQA,other,lingoqa,
lingoqa_eval_000026,reasoning_world_knowledge,"Is it possible for you to accelerate in this situation, and if so, why?",data/external/lingoqa/images/val/6cc9407bedea610b5abe5cc012d5fdff/0.jpg,5,It is not possible to accelerate as there is a roundabout after the pedestrian crossing.,yes,"yes, it is possible to accelerate.",yes,no,0.0,0.4762,0.0,0.0,0.4762,-0.4762,language_prior_or_question_bias,reasoning_failure;text_only_beats_or_ties_normal,Add visual-evidence requirement and verify if the question can be answered from priors.,LingoQA,reasoning_world_knowledge,lingoqa,
lingoqa_eval_000027,spatial_localization,Should you stop? Why yes or why not?,data/external/lingoqa/images/val/00fb5ab9e2d508c573d588652cf0d025/0.jpg,5,"You shouldn't completely stop, but you should slow down since you're overtaking 2 cyclists and steering to the right but at the same time there is another cyclist coming from the opposite direction. You should give plenty of space to all 3 of them.",no,no,no,yes,0.0,0.0,0.0,0.0,0.0,0.0,all_settings_failed,spatial_failure,Review whether the question requires finer visual evidence or has ambiguous labels.,LingoQA,spatial_localization,lingoqa,
lingoqa_eval_000028,counting,How many motorcyclists can you see?,data/external/lingoqa/images/val/f294651150b7727859aaf5d0e3ab9f2e/0.jpg,5,I can see 1 motorcyclist.,2,0,1,0,0.0,0.0,0.3333,0.0,0.3333,-0.3333,wrong_image_confound,counting_failure;wrong_image_beats_or_ties_normal,Check if the model is answering from language priors or if references are too generic.,LingoQA,counting,lingoqa,
lingoqa_eval_000029,object_recognition,"Are there any traffic lights present? If yes, what is the color of the lights?",data/external/lingoqa/images/val/a51fb9e029890062f7c86d581cbd96a2/0.jpg,5,"Yes, red.","yes, red light",no,no,no,0.8,0.0,0.0,0.0,0.0,0.8,visual_helped,,Keep as positive grounding evidence; inspect visual evidence wording.,LingoQA,object_recognition,lingoqa,
lingoqa_eval_000030,other,Do you need to speed up? State the reason for your answer.,data/external/lingoqa/images/val/76cb389da4bde25d3af627968de66278/0.jpg,5,"If doing the speed limit there is no need to speed up, if below the speed limit speed up to the limit and maintain speed.",no,no,no,no,0.0769,0.0769,0.0769,0.0769,0.0769,0.0,all_settings_failed,,Review whether the question requires finer visual evidence or has ambiguous labels.,LingoQA,other,lingoqa,
lingoqa_eval_000031,reasoning_world_knowledge,"Are there any specific vehicles to which you should yield in this situation? If yes, why?",data/external/lingoqa/images/val/8b1eaed55ac89d3fd98ca9a00d3b29a3/0.jpg,5,No.,yes,no,no,no,0.0,1.0,1.0,1.0,1.0,-1.0,language_prior_or_question_bias,reasoning_failure;wrong_image_beats_or_ties_normal;text_only_beats_or_ties_normal,Add visual-evidence requirement and verify if the question can be answered from priors.,LingoQA,reasoning_world_knowledge,lingoqa,
lingoqa_eval_000032,spatial_localization,"Should you consider reducing your speed at this point? If yes, what are the reasons behind it?",data/external/lingoqa/images/val/065d10fc58526a238d2b4c8d9c06e763/0.jpg,5,"Yes, to allow plenty of time for the cyclist to pass and the pedestrian to finishing crossing the street.",yes,yes,"yes, reduce speed due to narrow lanes and potential obstacles",yes,0.1,0.1,0.2069,0.1,0.2069,-0.1069,wrong_image_confound,spatial_failure;wrong_image_beats_or_ties_normal,Check if the model is answering from language priors or if references are too generic.,LingoQA,spatial_localization,lingoqa,
lingoqa_eval_000033,counting,How many motorcyclists can be seen?,data/external/lingoqa/images/val/f2e4286e94457b8605069190e29f955a/0.jpg,5,There is one motorcyclist behind the truck on the opposite lane.,1,0,1,0,0.0,0.0,0.0,0.0,0.0,0.0,all_settings_failed,counting_failure,Review whether the question requires finer visual evidence or has ambiguous labels.,LingoQA,counting,lingoqa,
lingoqa_eval_000034,object_recognition,"Are there any traffic lights present? If so, what is the color displayed by the lights?",data/external/lingoqa/images/val/e9148b5d1dc3d42ae93cb718d1585aca/0.jpg,5,Yes. The traffic light is red.,"yes, red light",no traffic lights detected,"yes, red light",no,0.6667,0.2,0.6667,0.0,0.6667,0.0,wrong_image_confound,wrong_image_beats_or_ties_normal,Check if the model is answering from language priors or if references are too generic.,LingoQA,object_recognition,lingoqa,
lingoqa_eval_000035,other,"What is the current action and its justification? Answer in the form ""action, justification"".",data/external/lingoqa/images/val/ab4845470b41f0e123da50c996c35745/0.jpg,5,"The car stops, as it reaches an intersection with red traffic lights and pedestrians crossing the road.",skateboarding,stop,stop,stop,0.0,0.0,0.0,0.0,0.0,0.0,all_settings_failed,,Review whether the question requires finer visual evidence or has ambiguous labels.,LingoQA,other,lingoqa,
lingoqa_eval_000036,reasoning_world_knowledge,Why can you proceed at this intersection?,data/external/lingoqa/images/val/cedf6e4dacd1abe46f36b688ac36fc34/0.jpg,5,The traffic light is green and no pedestrian is crossing.,the traffic light is green,unknown,the traffic light is green,unknown,0.6667,0.0,0.6667,0.0,0.6667,0.0,wrong_image_confound,wrong_image_beats_or_ties_normal,Check if the model is answering from language priors or if references are too generic.,LingoQA,reasoning_world_knowledge,lingoqa,
lingoqa_eval_000037,spatial_localization,"What is the current action and its justification? Answer in the form ""action, justification"".",data/external/lingoqa/images/val/d0983de189bba9f90dfd5f91e81be620/0.jpg,5,"The car is clearing the intersection while moving to the right lane, in order to overtake the cyclist on the left.",stop,stop,the truck is driving down the road.,stop,0.0,0.0,0.2143,0.0,0.2143,-0.2143,wrong_image_confound,spatial_failure;wrong_image_beats_or_ties_normal,Check if the model is answering from language priors or if references are too generic.,LingoQA,spatial_localization,lingoqa,
lingoqa_eval_000038,counting,How many pedestrians can be seen?,data/external/lingoqa/images/val/f2e4286e94457b8605069190e29f955a/0.jpg,5,None.,1,0,12,0,0.0,0.0,0.0,0.0,0.0,0.0,all_settings_failed,counting_failure,Review whether the question requires finer visual evidence or has ambiguous labels.,LingoQA,counting,lingoqa,
lingoqa_eval_000039,object_recognition,"Are there any traffic lights present at this intersection? If so, what is the color displayed?",data/external/lingoqa/images/val/42b2150188e97e7c4d7d790b670f1f74/0.jpg,5,There are three lights displaying the same signal and it is green.,yes,no traffic lights detected,yes,no,0.0,0.125,0.0,0.0,0.125,-0.125,all_settings_failed,object_recognition_failure,Review whether the question requires finer visual evidence or has ambiguous labels.,LingoQA,object_recognition,lingoqa,
lingoqa_eval_000040,other,Are there any cyclists in this image?,data/external/lingoqa/images/val/a96c0d9c0c0dae3a6b27e56e983f817d/0.jpg,5,There are no cyclists.,no,no,no,no,0.4,0.4,0.4,0.4,0.4,0.0,language_prior_or_question_bias,wrong_image_beats_or_ties_normal;text_only_beats_or_ties_normal,Add visual-evidence requirement and verify if the question can be answered from priors.,LingoQA,other,lingoqa,
lingoqa_eval_000041,reasoning_world_knowledge,Can you proceed forward at this moment? Explain why or why not.,data/external/lingoqa/images/val/b6e397dd9a84bf1151e4c8d27f6e03fa/0.jpg,5,Once the pedestrians move out of the way it is then safe to proceed because the lights are green and road clear.,no,no,yes,no,0.0,0.0,0.0,0.0,0.0,0.0,all_settings_failed,reasoning_failure,Review whether the question requires finer visual evidence or has ambiguous labels.,LingoQA,reasoning_world_knowledge,lingoqa,
lingoqa_eval_000042,spatial_localization,Is there traffic in the opposite direction?,data/external/lingoqa/images/val/eafb7e051fe110abb845b985ae6d9a2b/0.jpg,5,"Yes, in the right lane.",yes,no,yes,no,0.3333,0.0,0.3333,0.0,0.3333,0.0,wrong_image_confound,wrong_image_beats_or_ties_normal,Check if the model is answering from language priors or if references are too generic.,LingoQA,spatial_localization,lingoqa,
lingoqa_eval_000043,counting,How many pedestrians can be seen?,data/external/lingoqa/images/val/eafb7e051fe110abb845b985ae6d9a2b/0.jpg,5,2 pedestrians crossing the road can be seen.,3,0,3,0,0.0,0.0,0.0,0.0,0.0,0.0,all_settings_failed,counting_failure,Review whether the question requires finer visual evidence or has ambiguous labels.,LingoQA,counting,lingoqa,
lingoqa_eval_000044,object_recognition,Are there any traffic lights? What color are they showing?,data/external/lingoqa/images/val/8e9323f72ccc4b6637f4f27f0657f3d4/0.jpg,5,No traffic lights.,"yes, red light",no,yes,no,0.0,0.5,0.0,0.5,0.5,-0.5,language_prior_or_question_bias,object_recognition_failure;text_only_beats_or_ties_normal,Add visual-evidence requirement and verify if the question can be answered from priors.,LingoQA,object_recognition,lingoqa,
lingoqa_eval_000045,other,"What is the current action and its justification? Answer in the form ""action, justification"".",data/external/lingoqa/images/val/a92897f3de30fa1578ddf84dbf708ebe/0.jpg,5,I am crossing the intersection because the traffic light is green.,stop,stop,stop,stop,0.0,0.0,0.0,0.0,0.0,0.0,all_settings_failed,,Review whether the question requires finer visual evidence or has ambiguous labels.,LingoQA,other,lingoqa,
lingoqa_eval_000046,reasoning_world_knowledge,Should you come to a full stop? Why?,data/external/lingoqa/images/val/63ffb065cf9859665335ab371b593f41/0.jpg,5,"No, the lights are green and we have enough room to avoid the jaywalker.",yes,yes,yes,yes,0.0,0.0,0.0,0.0,0.0,0.0,all_settings_failed,reasoning_failure,Review whether the question requires finer visual evidence or has ambiguous labels.,LingoQA,reasoning_world_knowledge,lingoqa,
lingoqa_eval_000047,spatial_localization,"Are you positioned correctly to make a right turn at this intersection? If not, what adjustments should you make?",data/external/lingoqa/images/val/55e44f08b5e036f3807756a162e3f66b/0.jpg,5,There is no intersection ahead.,yes,adjustments needed,adjust your position to the left side of the road to prepare for a right turn.,positioned correctly,0.0,0.0,0.0,0.0,0.0,0.0,all_settings_failed,spatial_failure,Review whether the question requires finer visual evidence or has ambiguous labels.,LingoQA,spatial_localization,lingoqa,
lingoqa_eval_000048,counting,How many cyclists are on the road?,data/external/lingoqa/images/val/0cb55ed0d4ce02a27a2647c97c2ab6e8/0.jpg,5,There is no cyclist on the road.,1,0,0,0,0.0,0.0,0.0,0.0,0.0,0.0,all_settings_failed,counting_failure,Review whether the question requires finer visual evidence or has ambiguous labels.,LingoQA,counting,lingoqa,
lingoqa_eval_000049,object_recognition,"Is there a traffic light in sight? If so, what color is it exhibiting?",data/external/lingoqa/images/val/cd0f484698c6828b020fff5c65864d7c/0.jpg,5,"Yes, green.",yes,no,yes,no,0.6667,0.0,0.6667,0.0,0.6667,0.0,wrong_image_confound,wrong_image_beats_or_ties_normal,Check if the model is answering from language priors or if references are too generic.,LingoQA,object_recognition,lingoqa,
lingoqa_eval_000050,other,"What is the current action and its justification? Answer in the form ""action, justification"".",data/external/lingoqa/images/val/01dbcf4b079b49b6ca34c0475492380c/0.jpg,5,"Drive slightly accelerate straight, the lights are green and there is enough space between us and the lead vehicle.",stop,stop,bicyclists crossing the street,stop,0.0,0.0,0.087,0.0,0.087,-0.087,all_settings_failed,,Review whether the question requires finer visual evidence or has ambiguous labels.,LingoQA,other,lingoqa,
lingoqa_eval_000051,reasoning_world_knowledge,To which vehicle should you yield? Why?,data/external/lingoqa/images/val/0e4e17ad8f45c7bcce2c1ac65f83b10c/0.jpg,5,None.,yield to the cyclists,yield to the front car,the motorcycle,yield to the front car,0.0,0.0,0.0,0.0,0.0,0.0,all_settings_failed,reasoning_failure,Review whether the question requires finer visual evidence or has ambiguous labels.,LingoQA,reasoning_world_knowledge,lingoqa,
lingoqa_eval_000052,spatial_localization,"What is the current action and its justification? Answer in the form ""action, justification"".",data/external/lingoqa/images/val/f294651150b7727859aaf5d0e3ab9f2e/0.jpg,5,"The car starts and accelerates, because the vehicles in front are pulling away at the junction due to the green traffic light.",stop,stop,stop,stop,0.0,0.0,0.0,0.0,0.0,0.0,all_settings_failed,spatial_failure,Review whether the question requires finer visual evidence or has ambiguous labels.,LingoQA,spatial_localization,lingoqa,
lingoqa_eval_000053,counting,How many parked cars can be seen on the right of the road?,data/external/lingoqa/images/val/8acfd91fc5488115f4a96cfb9901b35c/0.jpg,5,"There are some parked cars on the right, but they are too far away to count.",3,0,1,0,0.0,0.0,0.0,0.0,0.0,0.0,all_settings_failed,counting_failure,Review whether the question requires finer visual evidence or has ambiguous labels.,LingoQA,counting,lingoqa,
lingoqa_eval_000054,object_recognition,"Are there any traffic lights present? If so, what is the color displayed by the lights?",data/external/lingoqa/images/val/63ffb065cf9859665335ab371b593f41/0.jpg,5,"Yes, green.","yes, the traffic light is green.",no traffic lights detected,no,no,0.5,0.0,0.0,0.0,0.0,0.5,visual_helped,,Keep as positive grounding evidence; inspect visual evidence wording.,LingoQA,object_recognition,lingoqa,
lingoqa_eval_000055,other,Do you need to decelerate? Provide a reason for your answer.,data/external/lingoqa/images/val/ce3084593e16b501a27dbbef7b2aa653/0.jpg,5,Yes. To avoid hitting the pedestrian crossing on the zebra crossing.,yes,no,no,no,0.1667,0.0,0.0,0.0,0.0,0.1667,visual_helped,,Keep as positive grounding evidence; inspect visual evidence wording.,LingoQA,other,lingoqa,
lingoqa_eval_000056,reasoning_world_knowledge,Is it safe to enter the intersection at this time? Why?,data/external/lingoqa/images/val/16ac40a0f73c04115c5ab188d7922491/0.jpg,5,"Yes, it is a protected intersection and my traffic light is green. The pedestrian is unlikely to start crossing, but I should pay attention to her.",yes,It is not safe to enter the intersection at this time.,It is safe to enter the intersection as there are no vehicles approaching from the right side.,It is unknown if it is safe to enter the intersection.,0.0741,0.2703,0.2326,0.3243,0.3243,-0.2503,blank_image_confound,reasoning_failure;wrong_image_beats_or_ties_normal;text_only_beats_or_ties_normal,Strengthen prompt against hallucinated visual evidence and inspect answer ambiguity.,LingoQA,reasoning_world_knowledge,lingoqa,
lingoqa_eval_000057,spatial_localization,"Is there any obstruction preventing the car from advancing? If so, what is the nature of the obstruction?",data/external/lingoqa/images/val/8f3964238bb3d551e806cb73f2182835/0.jpg,5,"No, the intersection is clear.",no obstruction,no obstruction detected,yes,no obstruction,0.2857,0.25,0.0,0.2857,0.2857,0.0,blank_image_confound,,Strengthen prompt against hallucinated visual evidence and inspect answer ambiguity.,LingoQA,spatial_localization,lingoqa,
lingoqa_eval_000058,counting,How many cyclists are there?,data/external/lingoqa/images/val/8e9323f72ccc4b6637f4f27f0657f3d4/0.jpg,5,There are no cyclists.,0,0,0,0,0.0,0.0,0.0,0.0,0.0,0.0,all_settings_failed,counting_failure,Review whether the question requires finer visual evidence or has ambiguous labels.,LingoQA,counting,lingoqa,
lingoqa_eval_000059,object_recognition,"Are there any traffic lights present? If so, what is the color displayed by the lights?",data/external/lingoqa/images/val/b458631e4e946fe134f09a9e979d6347/0.jpg,5,"Yes, green to yellow.","yes, the traffic light is yellow.",no traffic lights detected,"yes, the traffic light is yellow.",no,0.4,0.0,0.4,0.0,0.4,0.0,wrong_image_confound,wrong_image_beats_or_ties_normal,Check if the model is answering from language priors or if references are too generic.,LingoQA,object_recognition,lingoqa,
lingoqa_eval_000060,other,"Do you need to come to a stop? If so, what is the reason for it?",data/external/lingoqa/images/val/04c64714f8a1bf28da156721ed7eff32/0.jpg,5,No.,yes,no,yes,yes,0.0,1.0,0.0,0.0,1.0,-1.0,language_prior_or_question_bias,text_only_beats_or_ties_normal,Add visual-evidence requirement and verify if the question can be answered from priors.,LingoQA,other,lingoqa,
lingoqa_eval_000061,reasoning_world_knowledge,Should you enter this intersection? Why?,data/external/lingoqa/images/val/aba3a80f88924404e7aeca071167920d/0.jpg,5,I should enter the intersection after the pedestrians finish crossing the road since the lights are blinking amber.,yes,no,no,no,0.0,0.0,0.0,0.0,0.0,0.0,all_settings_failed,reasoning_failure,Review whether the question requires finer visual evidence or has ambiguous labels.,LingoQA,reasoning_world_knowledge,lingoqa,
lingoqa_eval_000062,spatial_localization,"Are there any buses in this image? If yes, where are they located?",data/external/lingoqa/images/val/cea4263f7822855aab6ef0c1263712bf/0.jpg,5,No.,no,no,no,no,1.0,1.0,1.0,1.0,1.0,0.0,language_prior_or_question_bias,wrong_image_beats_or_ties_normal;text_only_beats_or_ties_normal,Add visual-evidence requirement and verify if the question can be answered from priors.,LingoQA,spatial_localization,lingoqa,
lingoqa_eval_000063,counting,How many pedestrians are present in this image?,data/external/lingoqa/images/val/04c64714f8a1bf28da156721ed7eff32/0.jpg,5,"There are 2 pedestrians, on the left sidewalk.",2,0,12,0,0.2222,0.0,0.0,0.0,0.0,0.2222,visual_helped,,Keep as positive grounding evidence; inspect visual evidence wording.,LingoQA,counting,lingoqa,
lingoqa_eval_000064,object_recognition,What is the color of traffic lights at this intersection?,data/external/lingoqa/images/val/0e4e17ad8f45c7bcce2c1ac65f83b10c/0.jpg,5,Green.,green,red,red,red,1.0,0.0,0.0,0.0,0.0,1.0,visual_helped,,Keep as positive grounding evidence; inspect visual evidence wording.,LingoQA,object_recognition,lingoqa,
lingoqa_eval_000065,other,What should you pay attention to in this scenario?,data/external/lingoqa/images/val/f91e7de2b6dbd5cae22565b37cead317/0.jpg,5,Should pay attention to the state of the lights as they are red so we must stop.,pay attention to other vehicles and pedestrians,pay attention to other vehicles,pay attention to pedestrians and traffic lights,pay attention to other vehicles,0.25,0.2727,0.3333,0.2727,0.3333,-0.0833,wrong_image_confound,wrong_image_beats_or_ties_normal;text_only_beats_or_ties_normal,Check if the model is answering from language priors or if references are too generic.,LingoQA,other,lingoqa,
lingoqa_eval_000066,reasoning_world_knowledge,Is it safe for you to move forward? Why or why not?,data/external/lingoqa/images/val/8b1eaed55ac89d3fd98ca9a00d3b29a3/0.jpg,5,"Yes with caution, pedestrians may not be crossing at the zebra crossing.",it is safe to move forward,It is not safe to move forward.,no,It is not safe to move forward.,0.0,0.1053,0.0,0.1053,0.1053,-0.1053,all_settings_failed,reasoning_failure,Review whether the question requires finer visual evidence or has ambiguous labels.,LingoQA,reasoning_world_knowledge,lingoqa,
lingoqa_eval_000067,spatial_localization,Is it safe to overtake the bus?,data/external/lingoqa/images/val/ddabf1e10d3aa1c5eeee62063fccf692/0.jpg,5,No.,no,no,yes,no,1.0,1.0,0.0,1.0,1.0,0.0,language_prior_or_question_bias,text_only_beats_or_ties_normal,Add visual-evidence requirement and verify if the question can be answered from priors.,LingoQA,spatial_localization,lingoqa,
lingoqa_eval_000068,counting,How many cyclists are there?,data/external/lingoqa/images/val/23528c8f688e6b12a1cbc084d4962ef0/0.jpg,5,"1, in the left lane.",There are two cyclists in the image.,0,0,0,0.3333,0.0,0.0,0.0,0.0,0.3333,visual_helped,,Keep as positive grounding evidence; inspect visual evidence wording.,LingoQA,counting,lingoqa,
lingoqa_eval_000069,object_recognition,"Are there any traffic lights in the vicinity? If yes, what colors are they displaying?",data/external/lingoqa/images/val/b5e17d77ec428f982132bf4a2badac0e/0.jpg,5,"Yes, they are green.",yes,no,yes,no,0.4,0.0,0.4,0.0,0.4,0.0,wrong_image_confound,wrong_image_beats_or_ties_normal,Check if the model is answering from language priors or if references are too generic.,LingoQA,object_recognition,lingoqa,
lingoqa_eval_000070,other,Are there pedestrians crossing the road?,data/external/lingoqa/images/val/aba3a80f88924404e7aeca071167920d/0.jpg,5,Yes.,no,no,no,no,0.0,0.0,0.0,0.0,0.0,0.0,all_settings_failed,,Review whether the question requires finer visual evidence or has ambiguous labels.,LingoQA,other,lingoqa,
lingoqa_eval_000071,reasoning_world_knowledge,What action will you take next and why?,data/external/lingoqa/images/val/ddabf1e10d3aa1c5eeee62063fccf692/0.jpg,5,I will accelerate and follow the cyclist once they pull away.,slow down and prepare to stop,wait for the driver to enter the vehicle,wait for the pedestrian to cross the street,wait for the front car to move,0.1176,0.1053,0.1053,0.1111,0.1111,0.0065,all_settings_failed,reasoning_failure,Review whether the question requires finer visual evidence or has ambiguous labels.,LingoQA,reasoning_world_knowledge,lingoqa,
lingoqa_eval_000072,spatial_localization,"Is it possible for you to accelerate in this situation, and if so, why?",data/external/lingoqa/images/val/cc0f48b73f7f13adff2113931a41805e/0.jpg,5,It is not possible to accelerate as there are pedestrians crossing the road.,yes,"yes, it is possible to accelerate.",yes,no,0.0,0.5263,0.0,0.0,0.5263,-0.5263,language_prior_or_question_bias,spatial_failure;text_only_beats_or_ties_normal,Add visual-evidence requirement and verify if the question can be answered from priors.,LingoQA,spatial_localization,lingoqa,
lingoqa_eval_000073,counting,How many cyclists are there?,data/external/lingoqa/images/val/00fb5ab9e2d508c573d588652cf0d025/0.jpg,5,There are 3 cyclists.,4,0,0,0,0.0,0.0,0.0,0.0,0.0,0.0,all_settings_failed,counting_failure,Review whether the question requires finer visual evidence or has ambiguous labels.,LingoQA,counting,lingoqa,
lingoqa_eval_000074,object_recognition,What color are the traffic lights?,data/external/lingoqa/images/val/a1109658670fb29d13ac113d322c004c/0.jpg,5,I don't see any traffic lights in my vicinity.,green,red,red,red,0.0,0.0,0.0,0.0,0.0,0.0,all_settings_failed,object_recognition_failure,Review whether the question requires finer visual evidence or has ambiguous labels.,LingoQA,object_recognition,lingoqa,
lingoqa_eval_000075,other,How is the car impacting your driving?,data/external/lingoqa/images/val/ab4845470b41f0e123da50c996c35745/0.jpg,5,The car is not impacting my driving as I need to stop for the red light.,the car is stationary,the car is not impacting your driving as it is stationary with no visible speed or gear information.,the car is not impacting my driving,the car is not impacting the driving,0.3,0.4118,0.6087,0.6087,0.6087,-0.3087,wrong_image_confound,wrong_image_beats_or_ties_normal;text_only_beats_or_ties_normal,Check if the model is answering from language priors or if references are too generic.,LingoQA,other,lingoqa,
lingoqa_eval_000076,reasoning_world_knowledge,Why can you start in this instance?,data/external/lingoqa/images/val/5c95f9353d8c4c8a3b111fc91c8b9c2b/0.jpg,5,Because the light turns green.,the traffic light is green,the vehicle is stationary and the driver has unlocked the door.,I can start because there are no cars ahead.,the vehicle is stationary,0.6,0.125,0.1429,0.2222,0.2222,0.3778,visual_helped,,Keep as positive grounding evidence; inspect visual evidence wording.,LingoQA,reasoning_world_knowledge,lingoqa,
lingoqa_eval_000077,spatial_localization,"What factors influence the adjustment of your speed, and why is it important to do so?",data/external/lingoqa/images/val/76cb389da4bde25d3af627968de66278/0.jpg,5,I must adjust my speed according to the distance with the car in front and the speed limits.,"the speed is adjusted based on traffic conditions, road signs, and personal driving preferences.","factors influencing speed adjustment include weather conditions, distance to front car, gear, and time. It's important to adjust speed to ensure safety and efficiency while driving.","the speed of the front car, the road conditions, and traffic density","factors such as road conditions, traffic, weather, and safety regulations can influence the adjustment of speed.",0.1875,0.3636,0.4667,0.1765,0.4667,-0.2792,wrong_image_confound,spatial_failure;wrong_image_beats_or_ties_normal;text_only_beats_or_ties_normal,Check if the model is answering from language priors or if references are too generic.,LingoQA,spatial_localization,lingoqa,
lingoqa_eval_000078,counting,How many parked vehicles can you see on this street?,data/external/lingoqa/images/val/6fcc62c8231450608cddba5a8e4193cd/0.jpg,5,"Zero parked vehicles, but many stationary.",12,0,There are three parked vehicles on this street.,0,0.0,0.0,0.2857,0.0,0.2857,-0.2857,wrong_image_confound,counting_failure;wrong_image_beats_or_ties_normal,Check if the model is answering from language priors or if references are too generic.,LingoQA,counting,lingoqa,
lingoqa_eval_000079,object_recognition,"Can you spot a traffic light? If yes, what color is being shown?",data/external/lingoqa/images/val/852232e46c71d346dcb9f223647c0970/0.jpg,5,Yes. The traffic light is green.,yes,no,no,no,0.2857,0.0,0.0,0.0,0.0,0.2857,visual_helped,,Keep as positive grounding evidence; inspect visual evidence wording.,LingoQA,object_recognition,lingoqa,
lingoqa_eval_000080,other,"Is there any traffic in your lane? If there is, what types of vehicles are present?",data/external/lingoqa/images/val/8127f3b506fa0146a795f0085bb60cd3/0.jpg,5,There is no traffic in my lane.,no,no,yes,no,0.25,0.25,0.0,0.25,0.25,0.0,language_prior_or_question_bias,text_only_beats_or_ties_normal,Add visual-evidence requirement and verify if the question can be answered from priors.,LingoQA,other,lingoqa,
lingoqa_eval_000081,reasoning_world_knowledge,Why are you stopping in this situation?,data/external/lingoqa/images/val/f91e7de2b6dbd5cae22565b37cead317/0.jpg,5,Light has turned red.,I am stopping because I need to wait for the traffic light to change.,the driver is stopping due to a risk of collision with the front car,the traffic light is red,I am stopping because I need to check something.,0.1111,0.0,0.4444,0.0,0.4444,-0.3333,wrong_image_confound,reasoning_failure;wrong_image_beats_or_ties_normal,Check if the model is answering from language priors or if references are too generic.,LingoQA,reasoning_world_knowledge,lingoqa,
lingoqa_eval_000082,spatial_localization,"What is the current action and its justification? Answer in the form ""action, justification"".",data/external/lingoqa/images/val/0fc7c33bf1d778e944d5e374e64240bb/0.jpg,5,"Starting from a stop, the light is changing from red+yellow to green, there are no vehicles in front and a pedestrian finished the crossing.",stop,stop,stop,stop,0.08,0.08,0.08,0.08,0.08,0.0,all_settings_failed,spatial_failure,Review whether the question requires finer visual evidence or has ambiguous labels.,LingoQA,spatial_localization,lingoqa,
lingoqa_eval_000083,counting,How many cars are parked on the left side of the road?,data/external/lingoqa/images/val/a92897f3de30fa1578ddf84dbf708ebe/0.jpg,5,None.,3,1,1,0,0.0,0.0,0.0,0.0,0.0,0.0,all_settings_failed,counting_failure,Review whether the question requires finer visual evidence or has ambiguous labels.,LingoQA,counting,lingoqa,
lingoqa_eval_000084,object_recognition,"Are there any traffic lights present at this intersection? If so, what is the color displayed?",data/external/lingoqa/images/val/5b79a31f791f6b5f575122a6ddcb6e7e/0.jpg,5,There are traffic lights and they are switching from red and amber to green.,yes,no traffic lights detected,yes,no,0.0,0.2222,0.0,0.0,0.2222,-0.2222,language_prior_or_question_bias,object_recognition_failure;text_only_beats_or_ties_normal,Add visual-evidence requirement and verify if the question can be answered from priors.,LingoQA,object_recognition,lingoqa,
lingoqa_eval_000085,other,Should you yield to any vehicle when going straight at this intersection?,data/external/lingoqa/images/val/8f3964238bb3d551e806cb73f2182835/0.jpg,5,No.,no,no,no,no,1.0,1.0,1.0,1.0,1.0,0.0,language_prior_or_question_bias,wrong_image_beats_or_ties_normal;text_only_beats_or_ties_normal,Add visual-evidence requirement and verify if the question can be answered from priors.,LingoQA,other,lingoqa,
lingoqa_eval_000086,reasoning_world_knowledge,Why can you start at this time?,data/external/lingoqa/images/val/0ad3c6571f5aff651d43b4014b693e94/0.jpg,5,I can start because the pedestrian has finished crossing.,I am driving through a city street with pedestrians crossing the road.,unknown,I am driving through a city street with traffic lights and pedestrians visible.,unknown,0.2857,0.0,0.0909,0.0,0.0909,0.1948,visual_helped,,Keep as positive grounding evidence; inspect visual evidence wording.,LingoQA,reasoning_world_knowledge,lingoqa,
lingoqa_eval_000087,spatial_localization,"What is the current action and its justification? Answer in the form ""action, justification"".",data/external/lingoqa/images/val/78bda9041fc31a77da224df63f6b8cd0/0.jpg,5,"Slowing down in our rightmost lane, the traffic light is green, we are entering a ""right turn-only"" lane and will need to wait for the traffic to make the planned right turn.",stop,stop,the bus is red.,stop,0.0,0.0,0.1111,0.0,0.1111,-0.1111,all_settings_failed,spatial_failure,Review whether the question requires finer visual evidence or has ambiguous labels.,LingoQA,spatial_localization,lingoqa,
lingoqa_eval_000088,counting,How many motorcyclists can you see?,data/external/lingoqa/images/val/788192e7d185b1f0071c0a096f17ff19/0.jpg,5,I can see two motorcyclists.,4,0,0,0,0.0,0.0,0.0,0.0,0.0,0.0,all_settings_failed,counting_failure,Review whether the question requires finer visual evidence or has ambiguous labels.,LingoQA,counting,lingoqa,
lingoqa_eval_000089,object_recognition,"Is there a traffic signal present? If there is, what color is being exhibited?",data/external/lingoqa/images/val/e2f2517cb762eb532be383cae04d652a/0.jpg,5,"Yes, it is red as the vehicles ahead are stopped.",yes,no,yes,no,0.1818,0.0,0.1818,0.0,0.1818,0.0,all_settings_failed,object_recognition_failure,Review whether the question requires finer visual evidence or has ambiguous labels.,LingoQA,object_recognition,lingoqa,
lingoqa_eval_000090,other,What is the road speed limit?,data/external/lingoqa/images/val/a1109658670fb29d13ac113d322c004c/0.jpg,5,"20, according to the lane markings.",20,unknown,20,unknown,0.2857,0.0,0.2857,0.0,0.2857,0.0,wrong_image_confound,wrong_image_beats_or_ties_normal,Check if the model is answering from language priors or if references are too generic.,LingoQA,other,lingoqa,
lingoqa_eval_000091,spatial_localization,Are you permitted to make a right turn at this specific location?,data/external/lingoqa/images/val/69de30a10f550407d84c778f9ae9570c/0.jpg,5,No.,no,yes,no,no,1.0,0.0,1.0,1.0,1.0,0.0,wrong_image_confound,wrong_image_beats_or_ties_normal,Check if the model is answering from language priors or if references are too generic.,LingoQA,spatial_localization,lingoqa,
lingoqa_eval_000092,counting,How many parked cars can you spot on the left?,data/external/lingoqa/images/val/ddabf1e10d3aa1c5eeee62063fccf692/0.jpg,5,1,2,0,3,0,0.0,0.0,0.0,0.0,0.0,0.0,all_settings_failed,counting_failure,Review whether the question requires finer visual evidence or has ambiguous labels.,LingoQA,counting,lingoqa,
lingoqa_eval_000093,object_recognition,"Are there any traffic lights present? If yes, what color are they displaying?",data/external/lingoqa/images/val/cd0f484698c6828b020fff5c65864d7c/0.jpg,5,"Yes, green.",yes,no,yes,no,0.6667,0.0,0.6667,0.0,0.6667,0.0,wrong_image_confound,wrong_image_beats_or_ties_normal,Check if the model is answering from language priors or if references are too generic.,LingoQA,object_recognition,lingoqa,
lingoqa_eval_000094,other,"What is the current action and its justification? Answer in the form ""action, justification"".",data/external/lingoqa/images/val/b6e397dd9a84bf1151e4c8d27f6e03fa/0.jpg,5,"The car remains stopped and then accelerate slightly, as the traffic light turns green but pedestrians finish crossing the road at the pedestrian crossing.",stop,stop,the traffic light is green,stop,0.0,0.0,0.2759,0.0,0.2759,-0.2759,wrong_image_confound,wrong_image_beats_or_ties_normal,Check if the model is answering from language priors or if references are too generic.,LingoQA,other,lingoqa,
lingoqa_eval_000095,spatial_localization,Are there any cyclists in this image?,data/external/lingoqa/images/val/16ac40a0f73c04115c5ab188d7922491/0.jpg,5,"Yes, there are 2 cyclists in the left lane.",yes,no,no,no,0.2,0.0,0.0,0.0,0.0,0.2,visual_helped,spatial_failure,Keep as positive grounding evidence; inspect visual evidence wording.,LingoQA,spatial_localization,lingoqa,
lingoqa_eval_000096,counting,How many pedestrians are crossing the road?,data/external/lingoqa/images/val/3f3bfab70356daed6fa27f0f11cc35dc/0.jpg,5,Zero pedestrians.,1,0,3,0,0.0,0.0,0.0,0.0,0.0,0.0,all_settings_failed,counting_failure,Review whether the question requires finer visual evidence or has ambiguous labels.,LingoQA,counting,lingoqa,
lingoqa_eval_000097,object_recognition,What is the color of the traffic lights at this intersection?,data/external/lingoqa/images/val/45b587bf54ee9db25085eb483cac242e/0.jpg,5,No traffic light.,red,red,red,red,0.0,0.0,0.0,0.0,0.0,0.0,all_settings_failed,object_recognition_failure,Review whether the question requires finer visual evidence or has ambiguous labels.,LingoQA,object_recognition,lingoqa,
lingoqa_eval_000098,other,Can you spot any emergency vehicles in this image?,data/external/lingoqa/images/val/5fd375189aa75315f808df106a650068/0.jpg,5,No.,no,no,no,no,1.0,1.0,1.0,1.0,1.0,0.0,language_prior_or_question_bias,wrong_image_beats_or_ties_normal;text_only_beats_or_ties_normal,Add visual-evidence requirement and verify if the question can be answered from priors.,LingoQA,other,lingoqa,
lingoqa_eval_000099,spatial_localization,"What is the current action and its justification? Answer in the form ""action, justification"".",data/external/lingoqa/images/val/ddabf1e10d3aa1c5eeee62063fccf692/0.jpg,5,"The car starts, as the cyclist and the bus in front are pulling away.",bicyclist riding behind a red double-decker bus.,stop,the car is driving on the road.,stop,0.0952,0.0,0.2857,0.0,0.2857,-0.1905,wrong_image_confound,spatial_failure;wrong_image_beats_or_ties_normal,Check if the model is answering from language priors or if references are too generic.,LingoQA,spatial_localization,lingoqa,
lingoqa_eval_000100,counting,How many cyclists are there? In which direction are they driving?,data/external/lingoqa/images/val/97a2a11eb970cb429cf1cf8457123fab/0.jpg,5,"2. There is a cyclist in front of me moving in the same lane and changing to the left bike lane, also there is a cyclist on the opposite side of road moving in the opposite direction.",There are two cyclists. One is riding towards the camera and the other is riding away from the camera.,There are no cyclists.,There are no cyclists in the image.,There are no cyclists.,0.25,0.0488,0.1364,0.0488,0.1364,0.1136,visual_helped,,Keep as positive grounding evidence; inspect visual evidence wording.,LingoQA,counting,lingoqa,
